product_group,lines,cost_known,revenue,margin,avg_line
Кисти-Акварель-Колонок-Соболь,7412,6684,1197384.61,544863.71,161.55
Кисти-Акварель-Синтетика,12839,11477,1028125.16,463064.59,80.08
"№1\"",79,69,3089.0,1351.34,39.1
Бумага пастель-листы-стандарт,12447,11204,589009.12,263152.48,47.32
Faber-Castell,10023,8949,2632258.18,1175326.88,262.62
300г/кв.м,160,146,9922.61,4770.28,62.02
Бумага акварель-блоки-студия,11899,10685,1136332.31,500039.97,95.5
ДПИ-Направления-Стекло-Наборы,1666,1498,488766.35,220024.05,293.38
Основы-холст грунтованный мерный,468,415,1137727.99,499061.03,2431.04
"зеленый (цв.№016)\"",4,4,1483.45,634.15,370.86
"рубиновый(цв.№008)\"",2,2,1090.75,370.63,545.38
Сумки-Чехлы для подрамников,644,576,432497.52,189645.29,671.58
"хром желтый (№623)\"",7,6,1971.0,1019.52,281.57
z-Вывод общий,385,354,56439.81,25976.21,146.6
Кисти-Акварель-Белка,8853,7975,898048.57,401767.98,101.44
ДПИ-Направления-Каллиграфия-наборы,99,92,113379.39,51287.52,1145.25
"ДПИ-Направления-Мозаика, смальта-тессеры, наборы",1813,1618,650492.48,283731.35,358.79
"античное золото (цв.№981)\"",141,124,14750.4,6358.79,104.61
Staedtler,592,530,140886.45,60961.59,237.98
ДПИ-Направления-Декупаж-салфетки,1637,1474,255948.5,114902.78,156.35
3х2х0.7см,29,27,646.0,310.36,22.28
"карминный (цв.№14)\"",16,14,2955.6,1066.94,184.72
"светло-зелёный (цв.№29)\"",21,20,4177.2,2005.04,198.91
"светло-красный (цв.№07)\"",16,16,4035.6,1826.32,252.23
"сиена жжёная(цв.№44)\"",23,22,4569.6,2084.82,198.68
Графические материалы-мягкие прочие-соус,1451,1316,124796.72,56335.3,86.01
"сиреневый нирвана (цв.№ 27)\"",5,5,1224.0,596.73,244.8
"зеленый\"",572,519,31814.92,14608.9,55.62
"синий\"",550,497,38202.53,17160.59,69.46
"сиена натуральная (цв.№482/1)\"",9,9,1592.32,859.56,176.92
Живопись - инструменты-Мастихины,813,728,84754.29,37335.07,104.25
пластик,621,544,218895.08,95325.03,352.49
Clairfontaine,224,199,44806.0,20147.91,200.03
ДПИ-Направления-Боди-арт краски,276,242,53124.71,22732.0,192.48
"хром кобальт сине-зеленый (имитация)(цв.№708)\"",91,84,9150.35,4124.7,100.55
Кисти-Инструменты и аксессуары,105,92,53392.33,24119.18,508.5
ДПИ-ВС-основы,30,27,17406.58,8428.02,580.22
"жёлтый (ц\"",40,34,6445.55,2548.63,161.14
"зелёный (\"",48,41,6825.95,3028.06,142.21
"терракот\"",17,15,1549.0,666.72,91.12
d:1-2мм,806,721,95386.49,43183.12,118.35
"паоло веронезе зелёный (цв.№ 34)\"",22,20,5038.28,2095.71,229.01
Инструменты-макетирование-Коврики для резки,606,547,352428.8,161724.96,581.57
"фиолетовый марганец\"",198,175,12598.95,5731.8,63.63
"красный Венициаский\"",32,31,1955.59,932.3,61.11
"9мм\"",36,33,3192.0,1558.94,88.67
"синий (цв.№052)\"",34,30,3261.51,1514.96,95.93
"турецкий голубой\"",52,48,1721.25,778.38,33.1
"голубой светлый (цв.№57)\"",156,141,4459.72,1948.46,28.59
Rotring,159,137,132336.1,54740.8,832.3
"кобальт зелёный светлый \"\"холодный\"\" СНЯТО\"",131,113,26356.62,11742.5,201.2
Литература-Мировое иск-во-Монографии,239,220,79829.89,36436.35,334.02
"туба 46мл сер.1 белила титановые (цв. №101)\"",611,556,72040.9,33011.67,117.91
"слоновая кость\"",257,222,14749.55,6574.82,57.39
"сине-красный\"",52,44,3201.75,1412.84,61.57
Proff,363,331,4432.83,1912.21,12.21
"прозр\"",167,150,12448.6,5507.64,74.54
"синий Прусский\"",56,49,3977.6,1828.05,71.03
Daler-rowney,1592,1443,483092.83,211453.6,303.45
ДПИ-Направления-Скрапбукинг,391,361,152772.78,72492.94,390.72
"оранжевая\"",75,65,4946.5,2436.94,65.95
"черный (цв.№ 706)\"",29,24,18669.4,8576.86,643.77
"желтый кукурузный\"",8,8,4417.32,2555.55,552.17
"охра светлая\"",45,42,5213.3,2546.07,115.85
туба 100мл,455,414,77093.55,35119.9,169.44
"туба 46мл сер.1 охра светлая (цв.№206)\"",356,323,39425.49,19259.34,110.75
"синий королевский\"",27,24,949.22,428.94,35.16
"бук медный\"",37,36,1468.14,606.43,39.68
"шоколадный\"",154,134,8387.28,4131.34,54.46
ДПИ-Направления-Каллиграфия-бумага,82,70,51161.18,23003.85,623.92
"220г/кв.м кремовый\"",47,39,16973.7,7313.6,361.14
черный,144,124,16323.47,6298.97,113.36
"алый (цв.№ 5)\"",7,7,3328.0,1851.62,475.43
"оранжево-желтый (цв.№27)\"",14,11,6131.2,2047.69,437.94
"охра красная (цв.№42)\"",10,9,4569.6,2464.0,456.96
"ультрамарин зеленый (цв.№41)\"",23,17,9600.0,3277.53,417.39
"лайм желтоватый\"",20,17,850.49,371.64,42.52
"хром темный\"",43,41,1506.75,650.62,35.04
"темная киноварь\"",32,28,1138.9,512.45,35.59
"лососевый\"",19,18,711.4,332.91,37.44
"зеленый слабый\"",14,13,706.55,376.64,50.47
"зеленый бутылочный\"",55,48,1803.06,740.85,32.78
"серый оружейный металл\"",47,43,1771.05,767.36,37.68
"французский серый\"",67,62,2678.78,1249.97,39.98
Литература-Практические руководства по живописи и рисунку-Графика,602,543,202391.02,90759.57,336.2
"медный (цв.087)\"",42,41,5507.24,2724.64,131.12
"турецкий (цв.№ 29)\"",29,27,6381.64,3096.6,220.06
"ультрамарин светлый (цв.№ 23)\"",14,14,2494.0,1405.76,178.14
"фуксия\"",60,51,2925.32,1205.33,48.76
"бледно-розовый кармин\"",15,13,843.4,367.82,56.23
"розовая мадера светлая\"",28,26,1345.1,665.44,48.04
"синий делф\"",20,20,1247.6,660.51,62.38
"капут мортум\"",105,98,5420.96,2647.81,51.63
"Ван Дик коричневый\"",69,58,3544.45,1504.86,51.37
"нуга\"",60,50,3038.1,1295.43,50.64
"охра Неапольская темная\"",45,39,2253.3,1016.87,50.07
"сангина\"",377,335,39060.61,17586.98,103.61
"кадмий желтый лимонный\"",87,82,4376.27,1942.93,50.3
"хвойная зелень\"",32,30,2031.64,788.45,63.49
"серый теплый 5\"",70,67,4480.5,2094.04,64.01
"замерзшее стекло\"",49,45,18915.0,9429.55,386.02
в карт.коробке,285,257,12575.5,5801.97,44.12
"туба 46мл сер.2 кадмий оранжевый (цв.№304)\"",312,276,43317.95,18882.1,138.84
Литература-Современное иск-во-Монографии,418,372,198807.06,90556.56,475.61
"изделия\"\"\"",44,39,36788.15,14800.06,836.09
"золотой (цв.№965)\"",182,169,32488.3,12830.56,178.51
"туба 46мл сер.2 кобальт синий (цв.№508)\"",309,278,48691.1,21877.79,157.58
ДПИ-Клей-Резиновый,630,560,28354.36,12727.96,45.01
"d:0.18мм\"",59,52,25381.88,11358.41,430.2
"алый (цв.№107)\"",102,89,2818.0,1264.3,27.63
"кадмий желтый светлый (цв.№102)\"",38,37,1355.6,653.06,35.67
Мольберты-Треноги,427,393,818309.4,373831.45,1916.42
"8В\"",221,200,9837.44,4380.77,44.51
"галька (цв.№7995)\"",28,23,19608.3,8412.37,700.3
"коричневый (цв.№472)\"",30,27,7344.95,3538.21,244.83
"классическая бронза\"",38,33,21317.2,10515.49,560.98
"электрический голубой (цв.№03\"",9,9,2230.45,1210.73,247.83
"бесцветный шел\"",51,47,8546.55,4092.59,167.58
"неоновый оранжевый\"",155,138,6680.0,2953.39,43.1
"глауконит (цв.№702)\"",167,148,13648.21,6076.24,81.73
"золотистый (цв.№216)\"",185,170,7424.58,3408.28,40.13
"церулеум (цв.№21)\"",7,6,2521.24,978.77,360.18
"оливковая (цв.№727)\"",198,178,7142.61,3299.79,36.07
Nazionale,97,88,51012.5,23200.7,525.9
"зеленый светлый (цв.№43)\"",157,141,4549.77,1965.47,28.98
Сумки-Портфели,158,142,96697.85,42490.41,612.01
"слоновая кость (цв.№02)\"",43,37,18603.67,8108.37,432.64
"белила цинковые\"",327,296,24296.5,11054.52,74.3
"Живопись-гуашь, Гамма, банка 75мл, флуоресцентный",1046,954,76319.33,34130.7,72.96
"285г/кв.м кремовый\"",42,39,35066.06,14761.3,834.91
макс. круг 640мм,15,14,20953.9,8528.67,1396.93
Rust-Oleum,144,132,100762.05,45980.0,699.74
Мольберты-Станковые,206,188,1389309.34,665028.7,6744.22
ВС-грунтовка холста - готовые грунты,231,208,63032.98,29598.69,272.87
Канцелярские товары-Корректоры,216,199,9399.04,4402.27,43.51
"фиолетовый (цв.№55)\"",162,146,4629.63,2117.7,28.58
Кисти-Универсальные-Пони,1182,1069,42828.8,19110.69,36.23
"киноварь имитац. (цв.№312)\"",91,83,3377.01,1437.94,37.11
меловой,463,422,25846.55,11922.5,55.82
"восточный красный (цв.№382)\"",21,17,5641.0,2072.0,268.62
"кадмий красный (цв.№094)\"",2,2,2802.15,1269.98,1401.08
"флакон п/э 1л\"",9,8,19355.1,7585.41,2150.57
Бумага-вывод-в рулоне,599,537,90955.43,41278.82,151.85
"чёрный (ц\"",82,73,12611.92,5513.34,153.8
"охра золотистая (цв.№205)\"",34,30,5826.6,2570.43,171.37
Бумага пастель-блоки-профи,169,147,81185.02,35282.57,480.38
"светло-серый\"",12,11,1730.65,803.37,144.22
"зеленый хвойный\"",68,62,3787.84,1581.26,55.7
"сиена натуральная (цв.№161)\"",37,34,6475.49,3059.74,175.01
"красная средняя\"",74,67,4175.0,1933.4,56.42
"d=40; h=100мм\"",126,107,6722.14,2937.76,53.35
"25х45х15мм\"",199,180,1645.6,732.2,8.27
"серый холодный (цв. C6)\"",12,11,3910.0,1649.93,325.83
"красный  (цв.№32)\"",7,7,2043.45,1041.29,291.92
Литература-Иск-во в популярном изложении,161,144,40516.09,18349.08,251.65
хаки,50,46,4089.27,1930.86,81.79
"(6цв. по 14мл)\"",1,1,4025.0,1731.6,4025.0
"белила титановые\"",289,256,20971.25,9636.77,72.56
"кадмий оранжевый (цв.№304)\"",119,104,3670.14,1581.51,30.84
перламутровый,73,67,4032.3,1870.48,55.24
"марена (цв.№326)\"",14,12,2975.0,1171.17,212.5
"телесный (цв.№301)\"",15,14,2317.52,1115.32,154.5
"пастель карминовый (цв.№166)\"",23,21,5123.22,2325.23,222.75
"черный (цв.№18)\"",31,27,11015.68,4946.51,355.34
"хром оксида зеленого\"",14,13,926.94,430.65,66.21
"серый холодный (цв. C7)\"",15,15,5260.0,2699.28,350.67
"дымчатый синий\"",38,35,2431.8,1066.8,63.99
"голубой снежный (цв. B00)\"",7,7,2168.05,1151.87,309.72
"зеленый лайм (цв. G21)\"",13,12,3378.05,1611.55,259.85
"холодная тень (цв. BG10)\"",6,5,1960.0,725.55,326.67
"зеленый сахарный (цв.№28)\"",9,8,2006.69,864.35,222.97
"тусклая слоновая кость (цв. E43)\"",10,9,3470.0,1942.92,347.0
"серебряный (цв.№33)\"",29,26,18816.6,9024.62,648.85
"оранжевый светлый (цв. YR02)\"",4,4,1540.0,631.04,385.0
"розовато-лиловый (цв. BV00)\"",10,9,2720.0,1421.94,272.0
"сиреневый (цв. V04)\"",5,4,1730.0,840.36,346.0
"тициановая (цв.№226)\"",100,90,3111.4,1350.62,31.11
"небесный\"",22,21,4591.2,1970.72,208.69
туба 37мл,22,19,7016.15,2913.04,318.92
"ультрамарин бледный\"",18,16,908.95,489.1,50.5
"сиена жжёная (цв.№278)\"",47,45,7284.25,3722.59,154.98
"умбра жженая  (цв.№492)\"",36,32,4404.45,2077.02,122.35
"индийский красный (цв.№208)\"",105,96,2679.26,1192.75,25.52
"красно-фиолетовый (цв.№214)\"",49,44,1884.15,927.06,38.45
"розовый (цв.№213)\"",56,52,1713.18,742.07,30.59
"охра желтая жженая\"",45,40,1527.56,672.17,33.95
"жёлтый яркий светлый (цв.№075)\"",22,19,3414.17,1321.93,155.19
"алый (цв.№274)\"",23,19,3280.75,1296.18,142.64
"кобальт фиолетовый (№406)\"",19,16,4198.0,1611.42,220.95
Edding,142,134,12104.96,5434.26,85.25
"кобальт синий светлый имит.(цв.№370)\"",29,26,4891.4,2230.59,168.67
"пластик.контейнер\"",168,156,1281.35,597.02,7.63
"(цв.№096) изумрудный\"",25,22,1997.95,800.97,79.92
античный розовый,26,24,2728.64,1311.11,104.95
"угольный\"",28,24,2618.4,1184.82,93.51
матовый,31,28,9106.69,3621.03,293.76
банка 220мл,15,14,2683.1,1382.35,178.87
"красный неополитанский (цв.№124)\"",88,78,2426.18,1109.08,27.57
"гвоздично-мареновый лак\"",23,21,828.65,392.24,36.03
ДПИ-Направления-Батик-рамки,203,179,69046.49,30620.11,340.13
"желтый карри (цв.№ 14)\"",11,11,2555.44,1339.38,232.31
"лазурный (цв.№413)\"",79,70,1832.33,803.3,23.19
"книжка 7л\"",43,34,12247.38,4698.02,284.82
"сажа газовая (№035)\"",8,7,1791.0,1039.25,223.88
"фиолетовый (цв.№312)\"",101,93,2721.18,1265.38,26.94
"земля (цв.№42)\"",20,18,9573.52,4375.27,478.68
Гипс-Экорше (анатомия),5,4,48600.0,21216.4,9720.0
пармский,26,21,1649.44,697.5,63.44
"цианисты\"",25,24,2297.45,1107.02,91.9
"бирюзовый светлый\"",22,20,560.95,234.57,25.5
"голубой (цв.№035)\"",7,5,1212.6,476.84,173.23
z-Уценка группы 15.12.2009г. Рамы-вывод,290,271,53922.21,25225.9,185.94
"техника живописи и графики\"\"\"",35,30,8889.98,3630.81,254.0
"зеленая средняя\"",33,31,1910.0,932.53,57.88
"розовый пурпурный\"",20,19,315.25,141.63,15.76
"сиена (№667)\"",13,11,2485.0,980.76,191.15
"бордово-красный (цв.№15)\"",4,4,7607.5,3207.52,1901.88
"синий турецкий темный\"",23,22,1481.6,667.55,64.42
"черный (цв.№42774)\"",42,37,13048.6,5244.96,310.68
"небесно-голубой (цв.№23)\"",14,13,2978.4,1239.23,212.74
"розовый фуксия (цв. RV09)\"",13,10,3441.15,1363.97,264.7
"Мебель, оборудование-Осветители",1,1,1814.13,1235.26,1814.13
z-Уценка группы 15.12.2009г. Акрил-вывод,41,35,3421.45,1514.41,83.45
"В.С. Пог\"",2,2,274.89,129.31,137.45
Литература- Материалы и техники-Стекло,102,92,28275.21,13295.22,277.21
"черный (цв.№ 588)\"",19,17,3184.07,1372.76,167.58
"флуоресцентный желтый (цв.№101)\"",4,3,263.17,109.4,65.79
"130шт.\"",12,11,1866.96,759.01,155.58
"малиновый (цв.№350)\"",5,5,720.99,390.37,144.2
"№8/10/14\"",15,14,23082.72,10127.46,1538.85
зеленое золото,22,21,11155.82,5678.5,507.08
"желтый оранжевый (цв.№231)\"",5,5,720.99,408.85,144.2
"земельный (цв.№483)\"",9,8,1095.15,534.79,121.68
"средне желтый (цв.№198)\"",8,8,1241.45,690.33,155.18
"жёлтый основной (цв.№116)\"",16,14,2148.25,999.26,134.27
№1/2/3/4/5/6/8/10/12/14,15,12,16680.92,6577.56,1112.06
Сумки-Вкладыши для портфолио,16,15,610.95,262.57,38.18
"розово мареновый лак\"",39,34,1180.41,517.38,30.27
"серебро (цв.№202599)\"",21,16,8345.32,2926.76,397.4
"сиена (цв.№552)\"",3,3,339.01,147.86,113.0
"церулеум (№406)\"",38,32,1532.2,668.22,40.32
270г/кв.м,6,5,477.12,176.66,79.52
"желтая мимоза (цв.№ 4)\"",6,5,807.84,369.52,134.64
"розово-лиловый(цв.№ 19)\"",11,10,1481.04,657.68,134.64
"синий насыщенный(цв.№ 46)\"",9,9,1623.84,771.77,180.43
"золотой (цв.№700)\"",14,11,2438.75,1016.26,174.2
"белый (№01)\"",8,7,1476.0,597.27,184.5
"ржавчина светлая\"",20,17,619.3,259.81,30.96
1650х650х500 высокий нерегулируемый,4,3,7095.0,1839.97,1773.75
"розовый пурпурный средний\"",20,20,830.7,414.89,41.54
"картон. упаковка\"",14,14,24696.99,12967.07,1764.07
"жёлтый лимон (цв.№03)\"",25,25,6738.9,3186.47,269.56
"карминно-красный (цв.№07)\"",16,15,4984.5,2399.55,311.53
"коричневый (цв.№21)\"",24,24,6768.3,3414.43,282.01
банка 100 мл,60,52,6925.0,2830.35,115.42
"темно-розовый\"",5,3,485.0,129.32,97.0
"(цв.№529)\"",15,14,3283.2,1622.36,218.88
"желтый цитрусовый(цв.№ 12)\"",3,3,401.2,189.78,133.73
"зеленый темный\"",26,22,3942.74,1729.81,151.64
"бронзовый\"",26,24,822.76,384.71,31.64
"122HВ\"",64,55,1512.0,643.29,23.63
"ярко-зеленый светлый (цв.№304)\"",21,16,5697.73,2230.28,271.32
"пастель оранжевый (цв.№052)\"",31,29,6058.47,2644.23,195.43
"(цв.№051) фиолетовый темный\"",28,21,1907.25,656.21,68.12
"индийский желтый (цв.№098)\"",19,17,2452.85,1176.44,129.1
"№4\"",33,29,2788.0,1273.19,84.48
"№6\"",47,43,4140.0,1890.85,88.09
"№4\"",40,37,1880.0,943.37,47.0
белила титановые,62,56,13818.1,5352.93,222.87
"6гр.\"",7,7,117.0,52.21,16.71
"синий (цв.№050)\"",2,2,457.4,159.05,228.7
"1250х600х500  нерегулируемый\"",3,3,3395.0,1525.85,1131.67
"кисть; дерев.упаковка (береза)\"",24,19,23864.0,9174.07,994.33
"кобальт синий светлый  (цв.№370)\"",7,7,853.75,450.54,121.96
"А4\"",4,4,9009.5,4225.62,2252.38
"зелёный темный (цв.№346)\"",21,17,1991.0,787.88,94.81
"d:1.4мм\"",3,3,852.6,490.43,284.2
"HВ\"",37,31,2325.75,1029.06,62.86
"банка п/э\"",6,6,1316.0,644.29,219.33
"зелёный изумрудный (цв.№ 36)\"",24,19,3284.41,1410.56,136.85
(5 предметов),16,15,11219.95,5729.02,701.25
"красно-коричневый прозрачный (цв.№657)\"",3,3,1109.0,507.76,369.67
"синий гелий\"",11,11,156.0,88.4,14.18
"желто-оранжевый (цв.№072)\"",9,9,1754.99,900.16,195.0
"карминовый\"",24,23,1041.7,477.75,43.4
"фиолетово-голубой(цв.№010)\"",2,2,392.7,272.53,196.35
"лимонный\"",6,6,2088.0,1265.4,348.0
"охра темная неаполь\"",21,20,295.75,143.81,14.08
"розовый темный  (цв.№334)\"",74,68,2936.0,1389.12,39.68
"фиолетовый светлый (цв.№605)\"",66,55,2273.7,989.35,34.45
"золото (№23)\"",5,5,925.0,388.48,185.0
"оливковый бледный (цв. YG95)\"",9,9,1998.05,950.8,222.01
"зеленый океан (цв. G28)\"",10,7,2008.05,631.79,200.81
"фиолетово-синий (цв. BV08)\"",7,7,1390.0,663.52,198.57
"серо-коричневый\"",15,15,462.75,226.5,30.85
"серый холодный (цв. C5)\"",12,10,2378.05,959.29,198.17
"зеленый натуральный (№338)\"",11,9,1529.0,625.6,139.0
"серый нейтральный (цв. N9)\"",9,8,1780.0,748.12,197.78
5.2х4,50,46,1827.5,846.76,36.55
"пастель желтый темный (цв.№118)\"",17,16,4260.74,1819.98,250.63
"(цв.№033) розовый\"",56,48,3400.2,1504.38,60.72
"пастель зеленый ФЦ (цв.№321)\"",4,3,770.24,375.47,192.56
"белый для основы (№261)\"",1,1,130.0,77.64,130.0
"желтый восход(цв.№ 13)\"",2,2,272.0,107.61,136.0
"коричневый коньон(цв.№ 11)\"",2,2,265.2,111.64,132.6
"серебряный (цв.№21)\"",3,2,1089.0,454.81,363.0
"телесный бледный (цв. E00)\"",9,9,1790.0,956.73,198.89
"бриллиан. зелёный (цв.№558)\"",8,8,1020.85,502.25,127.61
"матовый желтый золотой (цв.№03/С)\"",11,10,2237.5,1007.42,203.41
"железн. упаковка\"",1,1,956.52,473.67,956.52
"розовый фруктовый (цв. E02)\"",7,7,1408.05,824.52,201.15
"зеленый темный глубокий (цв.№522).\"",5,5,563.5,308.8,112.7
"маджента (цв.№16)\"",1,1,850.0,467.86,850.0
20гр,11,10,399.0,177.62,36.27
"золото (цв.№52)\"",10,9,1905.3,838.36,190.53
"розовый итальянский (№645)\"",1,1,0.0,0.0,0.0
"оранжевый (цв.№49703)\"",14,14,803.55,378.06,57.4
"красный  №903\"",1,1,29.0,11.27,29.0
"оранжевый №917\"",1,1,29.0,12.26,29.0
"пустынная глина (цв.№7906)\"",2,2,780.0,407.57,390.0
"Подрамники, рамы-рамы-окрашенные со стеклом",2870,2591,844763.03,374970.84,294.34
Графические материалы-полихромные-наборы,1164,1047,942215.41,387579.15,809.46
"сиена жженая (цв.№278)\"",8,8,2339.95,1052.83,292.49
ДПИ-Направления-Ткань-ВС,1213,1103,101918.82,45493.29,84.02
Инструменты-макетирование-Ножи-Ножницы,193,175,77828.92,36008.15,403.26
Лион Арт Сервис,505,446,17652.48,7736.25,34.96
z-Уценка группы 15.12.2009г. ВС-вывод,329,292,136307.08,62929.24,414.31
ВС золочение окончательная обработка,174,161,98047.62,44941.42,563.49
"(цв.№715)\"",20,15,3480.0,960.69,174.0
"зеленый лак (цв.№290)\"",24,23,3969.17,1832.71,165.38
"кадмий желтый глубокий (цв.№084)\"",20,19,3567.9,1653.2,178.39
ВС масло растворители очистители,7222,6523,834907.54,375115.47,115.61
"Подрамники, рамы-рамы-неокрашенные со стеклом",1342,1230,214214.28,95916.7,159.62
8мм,96,86,6436.73,2807.93,67.05
"бесцветный(цв.№025)\"",1,1,981.75,661.94,981.75
"зеленый оливковый (цв.№018)\"",1,0,981.75,,981.75
"кармин(цв.№006)\"",3,3,1374.45,615.31,458.15
"красный(цв.№005)\"",1,1,981.75,609.86,981.75
"синий глубокий(цв.№011)\"",5,4,1767.15,932.06,353.43
Koh-i-Noor,2347,2139,615072.19,277213.55,262.07
"синий ультрамарин (цв.№043)\"",9,9,1564.05,859.33,173.78
Sennelier,979,867,206654.86,89194.92,211.09
Кисти-Универсальные-Щетина,15426,13879,580428.03,258287.94,37.63
Кисти-Универсальные-Белка,7451,6735,562103.55,257591.3,75.44
"полусухая; картон.упаковка\"",476,420,128895.59,57308.65,270.79
Графические материалы-маркеры-ручки,800,730,34858.73,16360.02,43.57
"Бумага рисовальная-блоки, альбомы",9910,8943,767235.86,342303.58,77.42
"Бумага техническая-блоки, альбомы",6874,6207,579288.31,265389.15,84.27
"золото\"",224,193,34539.88,15344.27,154.2
Графические материалы-акварельные-штуки,66,59,2698.4,1153.51,40.88
"изумрудный зелёный (цв.№34)\"",17,16,5855.52,2552.86,344.44
"кобальт (цв.№24)\"",13,11,2988.0,1395.22,229.85
"обычный жёлтый (цв.№4)\"",10,9,2547.6,975.08,254.76
"охра светло-жёлтая (цв.№38)\"",17,16,9261.7,4458.79,544.81
"светло-розовый (цв.№17)\"",16,15,2461.2,1211.88,153.83
"зеленый нарцисс (цв.№ 37)\"",6,6,1328.04,718.21,221.34
"бежевый светлый(цв.№ 6)\"",13,12,2448.0,1145.32,188.31
"ван-дик коричневый (цв.№401)\"",94,86,8243.36,3927.98,87.7
"ДПИ-Направления-Боди-арт наборы, прочие материалы",569,516,185397.97,84242.83,325.83
"ДПИ-Направления-Ткань-краски, контуры",9666,8739,932552.1,422885.15,96.48
№2/6-плоск.,207,185,30417.19,13643.81,146.94
ВС графика покрывные,657,585,256141.4,119956.52,389.87
Кисти-Специальные-Синтетика,3596,3241,438200.01,200793.64,121.86
Графические материалы-акварельные-наборы,102,93,85491.55,36186.99,838.15
мет.,54,49,8904.67,4277.5,164.9
"ДПИ-Направления-Керамика-Краски, контуры",223,201,34527.82,15737.92,154.83
"вишнево-\"",29,27,2815.6,1372.11,97.09
"канарееч\"",43,40,4018.95,1971.37,93.46
"опалово-\"",40,37,4207.1,2032.89,105.18
"сиена жженая (цв.№074)\"",6,5,1548.25,849.64,258.04
5,88,80,32814.6,15101.52,372.89
"красный скарлет\"",130,114,9721.01,4681.82,74.78
"красный Помпея\"",64,61,3650.69,1698.79,57.04
"красно-фиолетовый\"",87,80,5225.87,2289.65,60.07
"марс черный теплый (цв.№813) СНЯТО\"",210,191,19852.68,9535.66,94.54
"зеленый (цв.№36)\"",161,148,4623.26,2140.77,28.72
"флуоресцентная\"",135,120,16551.0,7296.04,122.6
Литература-Практические руководства по живописи и рисунку-Акварель,463,414,149315.97,67861.4,322.5
"синий морской (цв.№388)\"",37,32,4487.5,1860.77,121.28
"ярко-красный\"",7,7,1052.45,588.0,150.35
"воско-масляная\"",104,90,13709.0,5896.09,131.82
"ультрамарин темный (цв.№ 455)\"",99,86,6354.5,2846.25,64.19
"умбра ржавая\"",102,84,6599.86,2788.89,64.7
Adel,785,693,55359.2,24388.47,70.52
"синий спектральный\"",64,58,2348.58,1098.36,36.7
"желтый\"",468,405,35502.42,16058.87,75.86
Живопись-Наборы темперы,122,110,39990.63,17984.88,327.79
желтый,150,141,50916.85,23550.53,339.45
Живопись - инструменты-Разное,1345,1218,22210.4,9831.95,16.51
удл-ль,145,132,39684.2,17606.35,273.68
ДПИ-Контуры-3D-liner Marabu,233,212,16545.08,7482.11,71.01
Аэрография - Оборудование - аэрографы,28,24,94230.0,43604.57,3365.36
"серебро (цв.№003)\"",210,189,36091.83,17052.07,171.87
Литература-Мировое иск-во-Общие труды,140,130,87805.27,42188.55,627.18
"коричневый\"",317,285,25871.1,10663.41,81.61
"блист.упак\"",206,188,24303.95,11402.16,117.98
"охра коричневая\"",166,146,9399.75,4233.89,56.63
"оксид хрома зеленый (цв.№ 39)\"",22,19,11897.6,5372.19,540.8
"серый графитовый (цв.№45)\"",35,31,18457.6,8233.46,527.36
"лиловый (цв.№ 32)\"",16,14,8076.8,3604.72,504.8
"маджента (цв.№24)\"",17,16,6348.8,2736.69,373.46
"розовый (цв.№31)\"",17,16,8435.2,4646.96,496.19
"синий жемчужный (цв.№57)\"",6,6,2640.0,1452.04,440.0
"тёмный кобальт (цв.№ 35)\"",20,17,8345.6,3639.74,417.28
"фиолетовый (цв.№ 7)\"",16,15,6092.8,2674.41,380.8
"бордо (цв.№ 319)\"",4,3,2733.6,1544.86,683.4
"желтая примула\"",31,30,1338.29,661.02,43.17
"желтый лютик\"",23,21,982.85,382.49,42.73
"хром оранжевый\"",38,31,1288.25,510.88,33.9
"киноварь бледная\"",20,19,741.55,356.08,37.08
"коричневый риоха\"",21,20,888.2,411.7,42.3
"кармин мареновый\"",25,25,954.95,470.89,38.2
"бронза\"",73,67,10739.08,4908.49,147.11
"золотисто-коричневый\"",19,16,1378.95,641.92,72.58
"сиена жженая\"",141,125,7515.16,3380.23,53.3
"белый перламутровый (цв.270)\"",88,80,12255.53,5459.77,139.27
"золотой (цв.084)\"",102,93,13264.63,6647.67,130.05
"земля кассель (цв.№ 48)\"",12,10,4732.2,1751.21,394.35
"перманентный зелёный(прочный) (цв.№ 35)\"",13,11,3418.81,1288.94,262.99
"фиолетовый темный (цв.№ 21)\"",25,23,4762.8,2352.62,190.51
"церулеум (цв.№ 28)\"",24,22,3750.48,1749.89,156.27
"телесный средний\"",169,155,7972.07,3456.84,47.17
"фиолетово-красный темный\"",22,19,1129.8,386.79,51.35
"фиолетовый\"",299,265,16189.38,7076.59,54.15
"оливковый желто зеленый\"",45,37,2296.03,953.96,51.02
"грецкий орех\"",187,174,10768.43,4908.88,57.59
"оксид хрома зеленый\"",27,23,1535.3,609.9,56.86
ДПИ-Краски-Наборы,119,108,40739.01,16869.47,342.34
"сине-серый\"",151,136,10616.15,4623.72,70.31
запасн.грифеля,28,28,16354.0,8290.12,584.07
"туба 46мл сер.1 окись хрома (цв.№704)\"",214,188,18479.3,7841.85,86.35
"туба 46мл сер.1 церулеум (цв.№503)\"",317,279,29712.08,12780.97,93.73
лимонный,106,94,11741.6,5390.85,110.77
"(цв.№506)\"",168,145,8985.4,4031.48,53.48
"фиолетовый (цв.№601)\"",15,13,4392.4,1501.43,292.83
Кисти-Специальные-Колонок,339,303,62522.32,27797.78,184.43
"кобальт синий (цв.№508)\"",198,179,11371.65,4876.97,57.43
"ультрамарин (цв.№511)\"",217,196,11046.18,5147.25,50.9
"ганза жёлтый (цв.№215)\"",200,184,8419.65,3740.84,42.1
"лимонный (цв.№214)\"",244,220,10573.97,4859.02,43.34
"нейтрально-чёрный (цв.№805)\"",211,193,8194.09,3727.23,38.83
"пастель циан синий (цв.№400)\"",9,9,4563.0,2712.03,507.0
"№1/3/5-2шт/8\"",335,302,40596.78,17072.81,121.18
"бирюзовый (цв.№412)\"",77,70,2602.24,1301.65,33.8
"изумрудно-зелёный (цв.№504)\"",20,16,581.95,224.8,29.1
"краплак красный темный (цв.№301)\"",100,90,1988.71,854.97,19.89
"оранжевый (цв.№139)\"",160,149,4717.22,2259.84,29.48
"чёрный нейтральный (цв.№703)\"",40,35,1001.78,419.6,25.04
"сепия светлая\"",40,38,2032.2,988.24,50.81
"охра жёлтая (цв.№218)\"",301,274,13594.59,6193.69,45.16
"лютиковый (цв.№177)\"",25,21,4539.12,1910.2,181.56
Литература-Подарочные издания,41,33,133637.0,56512.29,3259.44
"Графические материалы-мягкие прочие-сангина, сепия, мел",1448,1307,129179.55,58128.9,89.21
цв.№176,63,53,10036.5,3897.9,159.31
"золотой (цв.№30)\"",42,40,17354.94,8631.56,413.21
"бесцветный глян\"",64,63,10546.55,5197.44,164.79
"марс коричневый темный (цв.№403)\"",117,107,12658.47,5455.42,108.19
"жёлто-зелёный (цв.№523)\"",30,28,735.92,329.35,24.53
160г/кв.м,34,30,2465.34,1344.64,72.51
"красный (цв.№40)\"",224,201,7110.21,3061.7,31.74
"сиреневый (цв.№58)\"",176,150,4916.05,2161.16,27.93
ДПИ-Направления-Декупаж-Окончательная обработка,600,539,162460.43,71868.45,270.77
"ДПИ-Направления-Мозаика, смальта-ВС",486,428,89454.15,38500.51,184.06
Uhu,76,71,3244.65,1411.42,42.69
0.5,37,33,8704.5,3963.19,235.26
ВС акварель маскирующие средства,143,122,29104.33,12271.67,203.53
"светлый сине-средний\"",15,14,258.7,123.72,17.25
макс. круг 400мм,23,22,36150.0,18092.2,1571.74
красный,90,80,12510.1,5469.43,139.0
"зеленый изумрудный (№361)\"",12,12,3678.76,1832.44,306.56
Основы-холст на подрамнике-Профессиональный,326,299,192309.01,89475.53,589.9
"рубиновая (цв.№323)\"",120,109,4036.22,1817.36,33.64
2шт.,228,207,5554.8,2609.19,24.36
2 конт.,119,108,18814.0,8477.04,158.1
"зелёный светлый (цв.№717)\"",84,74,2621.5,1184.24,31.21
ярко-зеленый,33,30,3438.08,1740.67,104.18
8 предметов,52,50,14084.94,6790.38,270.86
"сажа слоновой кости (цв.№535)\"",41,36,7018.75,3302.02,171.19
32см-30°х60°,90,84,14371.5,6719.79,159.68
запасн.гриф.,162,149,110196.32,49339.67,680.22
ДПИ-Клей-Дерево,245,225,62790.89,28426.31,256.29
"земля умбры жженая (цв.№492)\"",24,21,4092.62,1583.62,170.53
"ультрамарин (№123)\"",20,17,3457.0,1354.11,172.85
"свинец (цв.№558)\"",14,14,3137.5,1678.27,224.11
"черный (цв.073)\"",67,62,8022.13,3981.84,119.73
"ультрамарин (цв.№511)\"",71,60,3110.5,1305.11,43.81
"700х600мм нерегулируемый\"",79,76,145345.0,74668.2,1839.81
"голубой ФЦ (цв.№378)\"",19,15,4450.47,1428.56,234.24
"2В\"",116,104,4975.1,2302.71,42.89
"желто-зеленый (№388)\"",22,20,4154.6,1822.08,188.85
"красный прочный светлый (цв.№251)\"",21,20,3210.7,1369.8,152.89
"светло-красный (цв.№11)\"",18,18,2640.0,1340.05,146.67
"зеленый сочный (№375)\"",19,18,4689.0,2291.86,246.79
"кадмий желто-оранжевый(цв.№08)\"",7,7,2183.11,1120.83,311.87
Скульптура  - Пластилин,316,288,78625.63,38166.86,248.82
"розовый буковый(цв.№ 26)\"",9,7,1863.2,580.06,207.02
"перламутровый (цв.№401)\"",24,23,2304.9,955.73,96.04
"№ 36\"",17,16,11976.26,5593.74,704.49
Гипс-Посуда,20,17,39124.5,19720.02,1956.23
Гипс-Маски,63,57,63185.5,26503.91,1002.94
"умбра натуральная (цв.№493)\"",39,36,4836.94,2241.67,124.02
"охра золотистая (цв.№114)\"",127,110,3652.97,1448.74,28.76
"d=40; h=140мм\"",103,94,6478.71,2887.04,62.9
"церулеум (№112)\"",13,13,2436.0,1263.7,187.38
"синий марганцевый (цв. B34)\"",11,9,2940.0,1265.83,267.27
"кобальт фиолетовый св. (цв.№16)\"",7,7,1565.5,713.58,223.64
"(цв.№520)\"",6,5,2143.2,1016.18,357.2
"оранжевый (цв.№514)\"",5,5,2982.25,1756.73,596.45
"голубой снег (цв. B41)\"",9,8,2550.0,1127.25,283.33
"коричнево-красный светлый (цв. E07)\"",8,6,2330.0,654.64,291.25
"небесно-голубой (цв. B24)\"",9,9,2540.0,1119.76,282.22
"оливковый (цв. G99)\"",10,9,2738.05,992.79,273.81
"земля поццуоли (цв.№276)\"",14,11,2742.7,1016.96,195.91
"ярко-красный (цв.№396)\"",8,6,1609.44,459.94,201.18
14х14см,58,54,41500.0,15983.1,715.52
зеленый,140,122,13549.5,5751.24,96.78
"золото антик\"",31,30,1545.13,818.44,49.84
"жёлтый лимон (цв.№100)\"",25,22,7424.0,3419.33,296.96
"охра красная (цв.№125)\"",41,40,1021.1,468.6,24.9
ВС акварель покрывные,21,18,5056.4,2187.58,240.78
"лазурь железная (цв.№402)\"",78,70,1631.1,681.84,20.91
"тёплый серый (цв.№507)\"",28,25,6748.5,3041.52,241.02
"горный зеленый\"",28,25,1601.41,720.99,57.19
"блистер.упаковка\"",64,55,15727.95,6614.69,245.75
"киноварь зелёный темная (цв.№288)\"",23,18,3523.55,1501.12,153.2
"охра красная\"",56,49,3022.5,1346.27,53.97
"синий светлый (цв.№520)\"",87,76,3353.0,1503.02,38.54
"зеленая тень\"",26,23,1523.77,689.77,58.61
"красный венецианский\"",18,18,910.4,478.28,50.58
"сиреневый\"",60,54,3459.47,1512.35,57.66
"золотой закат\"",25,19,1012.4,369.14,40.5
"гладкий сангина\"",75,70,3358.8,1578.04,44.78
"серый теплый (цв. W7)\"",10,9,2759.0,1158.26,275.9
"охра жёлтая  (цв.№18)\"",13,13,4200.0,1874.19,323.08
"кадмий зеленый (цв.№307)\"",31,27,4749.52,1961.06,153.21
"неаполитанский жёлтый (цв.№ 03)\"",18,17,2803.37,1473.65,155.74
"неаполитанский тёмно-жёлтый (цв.№ 04)\"",16,15,2690.17,1125.47,168.14
пастель,47,39,89032.91,36035.74,1894.32
"желтый кадмий\"",98,82,6676.0,2669.68,68.12
"гладкий черный\"",31,27,1699.2,774.46,54.81
"белый (цв.№01)\"",106,100,43567.75,19130.05,411.02
"синий ФЦ (№142)\"",11,10,2530.0,1016.67,230.0
белый серебристый,71,66,5215.0,2421.79,73.45
"темно-синий\"",16,14,2895.25,1235.05,180.95
"(цв.№099) турецкий темный\"",24,20,1600.8,722.61,66.7
"Скульптура - Глина, гипс",282,257,71148.73,33920.8,252.3
"кадмий желтый светлый (№617)\"",5,5,1210.0,704.14,242.0
"слоновая кость (цв.№271)\"",78,69,5727.64,2376.24,73.43
"светло-зелёный (цв.№31)\"",23,20,12781.72,6835.53,555.73
"серый (№065)\"",6,6,1291.0,597.98,215.17
Rayher,92,87,17580.35,8785.01,191.09
"синий фарфоровый  (цв.№ 30)\"",5,4,1611.6,374.34,322.32
"охра жёлтая (цв.№ 39)\"",5,5,14875.0,8740.94,2975.0
"желто-зеленый(цв.№523)\"",56,50,1638.23,843.92,29.25
Ленстройкерамика ООО,87,79,16564.3,8197.15,190.39
"(цв.№030) алый\"",43,33,2911.3,1098.24,67.7
ср.твердость,82,77,4335.9,2112.49,52.88
"алый (вермилион) (цв.№279)\"",28,27,6901.0,3374.23,246.46
"изумрудный зеленый (цв.№05)\"",7,7,1261.6,562.03,180.23
"зеленый (№354)\"",1,1,0.0,0.0,0.0
"бирюзовый(цв.№17)\"",8,7,2552.0,1219.8,319.0
"лазурь железная (цв.№506)\"",3,3,316.45,141.79,105.48
"детали\"\"\"",58,49,7648.22,3225.28,131.87
"d:1мм\"",77,73,23794.3,10975.17,309.02
"голубовато-красный\"",22,20,1205.5,519.66,54.8
"бирюза (цв.№22)\"",23,21,8385.76,3519.21,364.6
"гавана-к\"",22,20,1912.75,939.96,86.94
"черный (цв. 100)\"",19,15,5147.15,1660.78,270.9
"небесно-голубой (цв.№028)\"",12,11,2032.77,942.68,169.4
"голубовато-зелёный (виридоновый) (цв.№348)\"",24,19,5722.48,2643.96,238.44
R,41,39,5618.66,2619.18,137.04
z-Уценка группы 15.12.2009г. Гуашь-вывод,106,98,14335.39,6086.45,135.24
Литература-Архитектура-Монографии,27,24,11443.0,4753.56,423.81
прямоугольная,5,5,361.29,189.36,72.26
"серый (цв.№ 20)\"",26,24,7067.05,3399.37,271.81
"киноварь зелёный жёлтоватая (цв.№287)\"",24,21,3285.97,1473.85,136.92
"светло-зеленый (цв.№556)\"",13,12,1807.95,777.43,139.07
"блист.упаковк\"",9,8,2271.17,1101.44,252.35
"прозрачная (цв.№764\"",9,7,2625.44,1132.62,291.72
"турецкий голубой (цв.№ 423)\"",8,8,2668.32,1221.6,333.54
Полион,4,3,198.6,68.31,49.65
"охра золотистый (цв.№134)\"",19,17,2988.5,1397.92,157.29
"королевский светло-голубой (цв.№21)\"",19,19,2300.5,1158.92,121.08
"200шт.\"",13,12,1887.82,822.21,145.22
"основной красный Маджета (цв.№256)\"",23,17,3061.09,1122.09,133.09
"100шт.\"",18,16,2935.29,1306.09,163.07
"желтый (цв.№ 580)\"",11,11,1583.76,730.41,143.98
"марс коричневый (цв.№47)\"",18,16,4407.02,2250.08,244.83
"черный (цв.№267)\"",15,15,2366.16,1013.6,157.74
"жёлтый (цв.№147)\"",15,15,795.54,452.13,53.04
"черный (№25)\"",6,6,1145.36,520.95,190.89
"медь (цв.№813)\"",48,44,2971.39,1370.58,61.9
"старый белый (цв.№600)\"",8,8,2848.76,1197.65,356.09
"кисть; дерев.упаковка(береза)\"",11,10,14270.35,6115.15,1297.3
"рубиново-земл.\"",44,41,1896.47,880.0,43.1
"светло-жёлтый (цв.№ 25)\"",18,16,5063.68,2540.16,281.32
"зелёный (кракелюр) на чё\"",2,2,1651.33,1046.1,825.66
"лимонно-желтый (цв.№169)\"",8,7,1119.86,411.4,139.98
"желтый лимонный (цв.№ 205)\"",8,8,3010.77,1577.78,376.35
"королевский синий (цв.№07)\"",7,5,1083.6,410.87,154.8
"вермилион светлый имит. (цв.№284)\"",13,13,1643.95,786.17,126.46
"маджента (цв.№256)\"",20,19,4094.98,1999.18,204.75
"черный (цв.№099)\"",1,1,457.4,258.29,457.4
"0.3мм\"",86,80,8081.1,3711.18,93.97
"(цв.№078) серый\"",25,21,1676.4,596.04,67.06
линейка,40,34,169080.2,70979.49,4227.01
"медь (цв.№302)\"",26,23,1807.74,839.94,69.53
M2,89,79,10864.45,4950.48,122.07
"светло-красный (цв.№515)\"",8,7,1824.0,860.43,228.0
"золотой (цв.№ 804)\"",12,10,9254.0,3015.52,771.17
"медь (цв.№540)\"",6,5,1094.4,449.47,182.4
"голубой (цв.№11)\"",23,20,5725.7,2303.13,248.94
"в ассортименте\"",45,41,648.0,310.22,14.4
"Симон Ушаков\"\"\"",3,2,144.0,61.55,48.0
"фиолетовый бриллиантовый (цв.№052)\"",4,4,463.0,216.79,115.75
"аспидно-фиолетовый\"",17,16,523.2,244.51,30.78
"метал.тубус\"",30,30,4344.0,2253.94,144.8
"ВС для кистей, аксессуаров",5,5,1279.49,558.91,255.9
"голубой (цв.№063)\"",12,11,1645.0,697.33,137.08
зажим для фикс листа,22,19,48471.35,20317.32,2203.24
"(цв.№056) цианский\"",35,32,2152.2,974.61,61.49
"фуксия (цв.№545)\"",3,3,651.0,309.31,217.0
"белый прозрачный (цв.№655)\"",3,3,486.0,198.31,162.0
"серебряный (цв.№710)\"",13,11,1829.15,839.23,140.7
№133,12,11,286.0,129.04,23.83
"зеленый светлый (цв.№015)\"",1,1,196.35,134.58,196.35
"св.зеленая (цв.№764\"",7,5,2082.5,800.92,297.5
"матовый черный (цв.№117)\"",32,29,8340.86,3770.05,260.65
"коричневый ван дейк\"",10,9,156.0,63.39,15.6
"карминный (цв.№327)\"",4,4,588.8,218.45,147.2
"зеленый шартрез\"",16,15,493.85,235.92,30.87
"охра\"",12,12,325.0,182.19,27.08
"Н\"",4,4,140.0,67.24,35.0
"малиновый ализарин (№515)\"",6,4,816.0,288.28,136.0
"серебристый\"",24,23,1027.3,479.83,42.8
c регул.колесом,32,32,16497.0,8004.67,515.53
"оливковый желтый\"",21,18,285.35,131.32,13.59
"зеленый светлый (цв.№071)\"",2,2,686.1,323.97,343.05
№1/2/3/4,19,17,18500.8,8112.75,973.73
"фиолетовый (цв.№543)\"",3,3,657.0,341.13,219.0
"двухдиаметровая\"",19,18,2435.0,1158.82,128.16
"зеленый сок перманентный (№503)\"",2,2,682.0,400.78,341.0
"зеленый темный устойчивый (№482)\"",1,0,183.0,,183.0
"серебро (цв.№17)\"",3,3,605.0,262.85,201.67
"серый холодный (цв. C8)\"",15,12,2968.05,1199.65,197.87
"белый кирпич (цв. E40)\"",9,9,1790.0,892.76,198.89
"голубой прусский (цв. B39)\"",14,12,2790.0,1244.4,199.29
"горчичный (цв. Y26)\"",6,6,1200.0,553.37,200.0
"охра желтая (цв. YR23)\"",9,9,1790.0,961.52,198.89
"песочный (цв. E33)\"",9,7,1780.0,667.17,197.78
"сиреневый (цв. V09)\"",5,4,1019.0,408.72,203.8
"ср.твердость\"",12,11,714.0,304.51,59.5
"фиолетовый яркий (цв.№447)\"",20,16,4065.74,1617.31,203.29
"темно-зеленый (цв.№068)\"",16,13,943.7,375.02,58.98
"ультрамарин (цв. B29)\"",9,8,1790.0,710.14,198.89
"зеленый (цв.№725)\"",36,32,4073.7,1789.06,113.16
"синий кобальт\"",24,23,408.9,208.45,17.04
№4/6/8,1,1,695.0,214.77,695.0
"зеленый киприский (цв.№211)\"",2,1,443.49,193.94,221.75
"зеленый ручей (цв.№ 35)\"",7,6,952.0,425.84,136.0
"комбинированный для скоб и\"",10,10,2740.0,1289.23,274.0
"неаполитанский желтый темный (цв.№425)\"",2,1,442.6,83.9,221.3
"голубая скорлупа (цв. B02)\"",4,3,800.0,235.35,200.0
№165,11,10,240.9,100.42,21.9
"старая бронза (цв.№202646)\"",7,7,2600.0,1384.25,371.43
"турмалин\"",15,13,1119.05,394.21,74.6
Iwata,3,3,3415.2,1221.85,1138.4
"серый теплый (цв. W1)\"",6,4,1200.0,383.95,200.0
"пурпурный розовый (цв.№642)\"",5,5,684.2,372.94,136.84
"бирюзовый (цв.№ 585)\"",5,4,739.0,304.69,147.8
"оранжевый китайский (цв. YR09)\"",11,11,2180.0,1088.35,198.18
"картон.упаков\"",2,2,3193.5,1510.68,1596.75
"серый нейтральный (цв. N1)\"",7,5,1570.0,564.11,224.29
"персиковый (цв. R32)\"",8,8,1590.0,721.3,198.75
"кадмий оранжевый (цв. YR07)\"",9,8,1798.05,779.25,199.78
"золотисто-желтый (цв. Y17)\"",9,9,1790.0,760.14,198.89
"красная помада (цв. R29)\"",9,8,1798.05,857.05,199.78
"желто-зеленый (цв.№1\"",4,4,653.5,352.81,163.38
"красный яркий (цв.№433)\"",3,3,1258.4,661.8,419.47
"матовый розовый (цв.№18/C)\"",3,3,546.0,244.19,182.0
"глянцевый  №120\"",4,4,967.75,500.13,241.94
"коробка из красного дерева\"",5,4,32670.0,15906.03,6534.0
"золото (цв.№202719)\"",23,20,8764.0,3581.56,381.04
"желтый (цв. Y06)\"",7,4,1370.0,401.69,195.71
"сиена (цв.№604)\"",3,3,1076.75,596.85,358.92
z-Неликвиды прочие,2784,2505,370039.68,166308.2,132.92
"черный\"",7187,6495,609331.41,278062.94,84.78
"Живопись - инструменты-Ленты клейкие, скотчи",1346,1215,68471.02,30347.38,50.87
290г/кв.м,268,230,16776.1,6834.0,62.6
СПБФ Гознака,842,762,41021.94,19522.48,48.72
"Подрамники, рамы-рамы-Фурнитура (клинья, подвески)",876,806,90013.58,41369.56,102.76
ДПИ-Направления-Лепка-Пластика,12026,10774,1321107.68,585963.06,109.85
ВС акрил основные,417,367,58703.48,26811.24,140.78
"коричневый ван дик (цв.№484)\"",20,17,3003.5,1370.94,150.17
"неаполитанский желтый  темный (цв.№107)\"",23,22,4815.27,2061.11,209.36
коричневый,63,56,8404.9,3086.96,133.41
z-Уценка группы 15.12.2009г. Графические материалы-вывод,1897,1702,130687.35,60389.28,68.89
Бумага техническая-листы,4718,4274,405049.23,182867.25,85.85
изд. Арт-Родник,2,2,12768.0,6488.93,6384.0
"желтый(цв.№003)\"",1,0,981.75,,981.75
"медный(цв.№024)\"",1,1,981.75,587.55,981.75
"Кисти-Масло, Акрил- Синтетика",4200,3800,323863.37,147575.71,77.11
Бумага акварель-ручной отлив,278,258,122509.25,55429.94,440.68
"неаполитанский красно-жёлтый (цв.№ 05)\"",24,22,4103.36,1981.77,170.97
Инструменты-макетирование-Ножи- стандартные,3618,3253,355343.82,161388.56,98.22
"серебро светлое (цв.№961)\"",324,298,39278.25,18006.77,121.23
"бронза (цв.№963)\"",277,248,26220.09,11957.95,94.66
"синий (цв.№515)\"",118,105,11787.05,5452.06,99.89
4мм,704,631,34105.92,15304.89,48.45
ДПИ-Направления-Декупаж-Грунты,78,66,30000.8,13822.73,384.63
0.4мм,89,83,31865.47,14866.71,358.04
"светло-фиолетовый (цв.№19)\"",21,17,5061.6,2215.43,241.03
Paasche,10,8,67516.0,23948.33,6751.6
"тем. зеленая (цв.№7\"",8,7,3570.0,1825.95,446.25
"тем. синяя (цв.№764\"",6,4,2975.0,544.93,495.83
Бумага-Картон-для паспарту,1075,986,328321.6,147026.22,305.42
ВС масло покрывные,2610,2369,519723.07,233612.02,199.13
"белый\"",5715,5151,282734.26,129017.5,49.47
150г/кв.м,2581,2321,142623.51,65254.77,55.26
Бумага рисовальная-рулоны,830,756,120578.06,52879.0,145.27
Живопись-темпера-воско-масляная  Гамма,2643,2374,172028.12,78012.64,65.09
Экспоприбор,1541,1401,308956.9,139675.07,200.49
Графические материалы-чернографитовые-штуки,26947,24249,834223.15,376029.05,30.96
ДПИ-Направления-Керамика-Наборы,672,598,138896.18,60430.88,206.69
"ДПИ-Направления-Каллиграфия-тушь, чернила",338,300,72232.55,32061.79,213.71
прозр.,690,615,36461.45,16145.5,52.84
Черчение-Линейки,2366,2135,174356.7,78830.57,73.69
"туба 46мл сер.2 кобальт зеленый светлый (цв.№ 706)\"",279,251,39379.0,18263.24,141.14
"солнечно\"",39,32,4335.5,1943.05,111.17
"французс\"",41,35,3625.13,1545.29,88.42
Черчение-Изографы -изограф,1064,978,509385.6,222989.29,478.75
"жёлтый прочный лимонный (цв.№112)\"",15,13,5317.7,2375.53,354.51
"соковая зелень (цв.№ 37)\"",17,16,4280.52,1933.28,251.8
"(цв.№500)\"",148,131,9373.8,3510.76,63.34
Бумага техническая-миллиметровка,524,487,50677.95,24156.97,96.71
ДПИ-Клей-Пластик,291,268,29799.27,13699.07,102.4
"желто-зеленая земля\"",112,99,6126.99,2681.33,54.71
"бирюзово\"",22,20,2540.61,1210.41,115.48
"Гипс-Торсы, статуи",22,17,66491.0,34193.49,3022.32
Гипс-Анатомические детали,124,109,71423.3,32582.36,575.99
"Гипс-розетки, орнаменты",53,50,134911.5,61504.53,2545.5
"сиена нат башкирская (цв.№420) СНЯТО\"",175,154,16060.0,7225.92,91.77
"глина (цв.№ 9)\"",4,4,1088.0,541.73,272.0
ВС-грунтовка холста - составляющие для грунта,181,161,18385.2,8019.61,101.58
Литература-Практические руководства по живописи и рисунку-Животные,481,438,85815.4,39961.68,178.41
"чёрный (цв.№530)\"",216,202,85668.95,45876.79,396.62
"серый камень (цв.№7992)\"",25,24,16284.6,7431.24,651.38
"гранатов\"",30,24,3099.95,1299.62,103.33
"слоновая\"",39,35,3243.06,1470.01,83.16
Золочение и реставрация-Поталь,544,490,373743.19,173884.92,687.03
"Подрамники, рамы-рамы-неокрашенные без стекла",2312,2068,428377.41,193253.31,185.28
"желтый (цв.№019)\"",49,44,3450.45,1620.87,70.42
"хром средний\"",58,50,2290.17,1015.93,39.49
Бумага пастель-блоки-студия,771,697,47611.06,22458.13,61.75
Основы-Холст негрунтованный,268,237,343182.82,149007.24,1280.53
алюм. корпус,154,141,31510.38,14346.4,204.61
"бесцветный\"",154,139,44922.91,20980.49,291.71
"чернила черные\"",340,302,5135.6,2151.08,15.1
Графические материалы-маркеры-маркеры,633,579,62143.0,27561.82,98.17
"голубой (цв.№513)\"",239,219,13138.5,6391.73,54.97
"серебро (цв.№304)\"",32,31,2720.09,1391.83,85.0
"желтый неаполитанский\"",64,60,2352.99,1093.43,36.77
"красно-фиолетовый лак\"",33,31,1521.45,777.25,46.1
"серо-серебряный (цв.№47)\"",22,21,9940.48,5067.24,451.84
ДПИ-Клей-Пенокартон,375,322,35534.81,15593.42,94.76
"№643\"",9,5,12952.25,4695.29,1439.14
"кобальт (цв.№ 8)\"",17,14,7628.8,3142.9,448.75
"лимонно-жёлтый (цв.№ 26)\"",7,7,5120.0,2977.42,731.43
"синий полуночный (цв.№62)\"",5,4,2376.0,995.19,475.2
"желто-зеленый (цв.№ 513)\"",8,7,4085.98,2040.73,510.75
"карминовая (цв.№ 312)\"",5,4,3087.2,1215.84,617.44
"киноварь (цв.№ 306)\"",13,11,5790.2,2930.22,445.4
"оливковый зеленый (цв.№ 516)\"",12,11,5698.54,2457.42,474.88
"ультрамарин (цв.№ 410)\"",8,8,5402.6,2363.28,675.33
"желтый цинк\"",22,22,795.01,383.31,36.14
"оранжевый спектральный\"",49,45,1626.47,734.61,33.19
"ультрамарин\"",217,199,19334.9,8988.98,89.1
"зеленая вода\"",60,53,1961.24,843.49,32.69
"сочная зелень\"",18,17,1167.75,471.85,64.88
"марс черный\"",27,24,1190.08,595.21,44.08
"кадмий красный светлый (цв.№ 13)\"",17,16,3293.4,1436.62,193.73
"кадмий светло-жёлтый (имитация) (цв.№ 06)\"",17,17,3937.8,2113.02,231.64
"охра жёлтая (цв.№ 40)\"",17,16,3952.62,1918.43,232.51
"сине-чёрная (цв.№ 49)\"",13,10,3926.2,1515.33,302.02
"тёмно-розовый (цв.№ 18)\"",12,8,3162.28,466.17,263.52
"фтал синий\"",24,23,1452.25,681.35,60.51
"кадмий оранжевый темный\"",58,53,2605.4,1150.62,44.92
"розовый кармин\"",248,229,14919.76,6897.54,60.16
"пурпурно-розовый светлый\"",26,21,1271.49,461.92,48.9
"синий фтал светлый\"",50,46,2512.57,1118.7,50.25
"синий фтал средний\"",42,38,2373.9,1031.62,56.52
"зеленый игривый\"",62,57,4067.6,1874.98,65.61
"зеленый фтал светлый\"",40,37,2598.6,1153.97,64.97
"сепия темная\"",208,184,11750.05,5254.16,56.49
"желтый Неапольский\"",27,23,1485.95,580.62,55.04
"красный Веницианский\"",11,10,795.6,286.83,72.33
"красный темный\"",96,89,4829.47,2147.35,50.31
"синий Индийский\"",25,23,1379.0,642.28,55.16
"зеленый золотой\"",62,58,3416.9,1691.89,55.11
"серый теплый 6\"",71,64,3478.14,1661.75,48.99
"зеленый оливковый стойкий\"",37,37,1791.7,920.61,48.42
"индийский красный\"",94,80,8938.36,3822.41,95.09
"белый (цв.№1)\"",44,39,9240.0,4073.49,210.0
Литература- Материалы и техники-Дерево,68,63,30830.1,15172.08,453.38
Lefranc&Bourgeois,194,174,119299.81,57620.53,614.95
2метал.цв.,151,142,26320.0,11961.07,174.3
"туба 46мл сер.2 кадмий красный темный (цв.№303)\"",334,300,42909.95,19381.57,128.47
"серебро (цв.№215191)\"",40,36,10593.6,5029.52,264.84
"кадмий лимонный (цв.№101)\"",28,22,1166.8,522.0,41.67
"земля оливковая\"",20,19,1143.9,518.48,57.19
"пастель ван-дик коричневый (цв.№484)\"",18,16,7560.73,3085.62,420.04
"лимон (цв.№148)\"",23,23,6165.85,2672.18,268.08
"серый темный\"",179,161,13488.2,5502.55,75.35
"голубой\"",334,294,18992.46,8163.27,56.86
"темное дерево (цв. E49)\"",14,13,3456.1,1505.62,246.86
"светло-золотой (цв.№29)\"",51,49,18221.94,8766.1,357.29
"темно-золотой (цв.№31)\"",20,18,7195.4,2941.79,359.77
5мм,394,344,23597.5,10187.01,59.89
"серый перламутровый (цв.№46)\"",17,16,10342.4,4683.96,608.38
"пастель охра красная (цв.№191)\"",23,21,5459.22,2622.29,237.36
"пастель фиолетовый (цв.№443)\"",19,14,6049.49,2469.13,318.39
"черный (цв.№46)\"",485,429,17246.99,7785.12,35.56
d:1-4мм,299,259,13666.05,5539.34,45.71
d:1.5-2.5мм,263,231,10561.6,4535.83,40.16
"голубой темный (цв.№51)\"",121,112,3290.31,1523.83,27.19
"зелёный (цв.№725)\"",164,150,5968.52,2739.53,36.39
"сиреневый хинакридон (цв.№609)\"",104,92,3434.43,1486.17,33.02
70мл,147,134,24888.61,11465.36,169.31
"охра темный Неаполь\"",56,52,4507.55,1868.14,80.49
ДПИ-Клей-Аэрозольный,246,220,213656.7,94935.08,868.52
"Сумки-Папки, портфолио для хранения работ",358,324,177960.52,82867.59,497.1
желтый светлый,45,41,3823.5,1770.62,84.97
"умбра натур. (цв.№418)\"",146,129,5703.06,2456.67,39.06
"синий светлый (цв.№32)\"",126,106,3700.64,1523.84,29.37
"6В\"",7,6,3762.5,1844.14,537.5
Черчение-Готовальни,252,228,167034.85,78740.99,662.84
"марс оранжевый (цв.№41)\"",16,13,3016.8,1151.66,188.55
"теплый серый 4\"",195,176,14783.94,6859.47,75.82
"тёмно-жёлтый (цв.№04)\"",26,25,10837.08,4996.96,416.81
35мм,527,469,22080.11,9983.64,41.9
"кадмий (цв.№327)\"",13,13,2982.0,1581.4,229.38
"сиена натуральная (цв.№ 42)\"",12,12,3276.6,1430.07,273.05
"в пласт. упаковке\"",294,269,49422.44,22317.99,168.1
"Кисти-Масло, Акрил- Наборы",93,83,28176.5,12147.46,302.97
41см-30°х60°,129,115,25292.15,11656.26,196.06
"лимонно-желтый (№651)\"",12,11,3272.0,1347.41,272.67
"железная лазурь\"",69,61,4920.75,2167.22,71.32
"золото с глиттерами (цв.№42786)\"",24,20,8865.7,3790.7,369.4
Черчение-Шаблоны,615,545,12644.08,5730.51,20.56
"лак оранжевый (цв.№320)\"",77,70,2494.7,1156.75,32.4
"светлый зеленый (цв.№556)\"",12,12,3231.68,1429.7,269.31
"гвоздично розовый\"",50,47,1825.91,849.6,36.52
"белила цинковые (цв.№020)\"",52,48,9846.67,4796.11,189.36
"зеленый изумрудный (цв.№26)\"",3,3,1455.41,922.38,485.14
"сиена жженая (цв.№33)\"",5,5,1749.43,980.0,349.89
"белила цинковые (№001)\"",24,20,6678.36,2470.65,278.27
"сиена натуральная (цв.№40)\"",25,22,3960.0,1993.99,158.4
"серый теплый (цв. W9)\"",12,10,3370.0,1471.53,280.83
корица,37,32,3417.92,1522.29,92.38
"d=40; h=65мм\"",169,150,8261.0,3774.21,48.88
ДПИ-Трафареты-Наклейки,867,772,50795.47,23152.97,58.59
"алый (цв.№393)\"",15,13,2488.15,1107.52,165.88
"под красное дерево\"",28,26,1612.55,804.78,57.59
"серебряный (цв.№ 802)\"",21,17,14483.0,6273.71,689.67
"В\"",35,29,1633.45,626.15,46.67
"кадмий желтый лимонный(цв.№04)\"",2,2,830.61,381.24,415.31
"киноварь зеленый св. (цв.№24)\"",4,4,1124.63,601.33,281.16
"турецкий голубой(цв.№22)\"",10,9,2447.72,1163.03,244.77
"светло-жёлтый (цв.№511)\"",9,7,3009.6,1163.17,334.4
"ДПИ-Направления-Боди-арт наклейки, шаблоны",154,144,8313.71,3923.9,53.99
"сиреневый аметист (цв. V17)\"",6,4,1940.0,422.35,323.33
"ализариновый кармин (цв.№ 167)\"",27,26,4964.0,2288.18,183.85
толщина 3мкм,151,131,48913.08,20579.39,323.93
"киноварь (цв.№312)\"",15,14,4704.0,2322.28,313.6
"серый нейтральный (цв. N5)\"",11,9,2940.0,849.78,267.27
"d:0.50мм\"",48,44,19467.45,9171.81,405.57
"гавайский коричневый (цв.№10\"",14,13,3708.0,1454.37,264.86
"№1-5\"",318,280,35707.67,16056.2,112.29
"белый китайский (цв.№004)\"",86,77,2262.74,1104.85,26.31
"желтая средняя\"",83,73,4585.13,1943.05,55.24
оливковый,21,18,1816.16,883.27,86.48
"золото дукат (цв.№140)\"",31,28,5297.5,2485.49,170.89
"церулеум (цв.№406)\"",108,102,2875.47,1350.87,26.62
"золото ройял\"",28,25,1431.33,640.53,51.12
"желтая светлая\"",74,63,4015.0,1656.16,54.26
"турецкий лазурный\"",25,24,1307.3,605.94,52.29
"без удл-ля\"",65,59,13348.6,6479.12,205.36
"чёрный (цв.№24)\"",61,55,27297.61,12980.08,447.5
"лазурный голубой (цв.№13)\"",22,22,7371.34,3969.35,335.06
"яркий светлый-зеленый (цв.№ 31)\"",27,23,4298.11,1645.1,159.19
"серый холодный (цв. C9)\"",10,10,4430.0,2019.09,443.0
"зеленый прочный светлый (цв.№339)\"",21,20,3253.8,1486.01,154.94
"синий основной Чян (цв.№400)\"",23,21,4465.45,1947.63,194.15
Литература- Материалы и техники-Лепка,142,114,26869.59,10229.19,189.22
"синий бирюзовый (цв.№408)\"",24,22,3597.72,1658.99,149.91
"бирюза (цв.№12)\"",22,18,6828.4,2790.99,310.38
"розовый (цв.№08)\"",24,23,8413.94,4256.38,350.58
"пшеничный\"",50,49,2405.52,1156.96,48.11
"красный темный (цв.№217)\"",103,97,3187.68,1559.03,30.95
"зеленый изумрудный светлый (цв.№535)\"",92,81,2461.36,1111.12,26.75
"китайски\"",27,25,2829.05,1176.45,104.78
"под светлое дерево\"",24,20,1386.35,605.79,57.76
"комбинированны\"",24,21,19155.83,7816.36,798.16
"синий делфт\"",34,27,2000.3,901.79,58.83
"богатое яркое золотое (цв.№29)\"",22,21,21844.35,11334.97,992.93
"слабое золото (цв.№144)\"",29,25,5419.0,2511.95,186.86
звездная пыль,19,19,9906.26,5295.54,521.38
"75мл\"",22,21,9593.76,4638.05,436.08
"пастель зеленый светлый (цв.№304)\"",12,11,3260.98,1490.93,271.75
"оранжевый (цв.№54)\"",83,74,2251.93,990.69,27.13
"золото (цв.№215190)\"",33,31,9551.2,4495.98,289.43
"темный загар (цв. E15)\"",10,10,2768.05,1260.75,276.81
"крапплак коричневый (№063)\"",1,1,0.0,0.0,0.0
"желтый (цв.№196)\"",7,7,1610.5,866.39,230.07
"металл\"",41,36,8526.27,3965.61,207.96
"неаполитанский желтый светлый (цв.№02)\"",7,6,9335.5,4240.91,1333.64
"сочный зелёный (цв.№35)\"",11,9,6288.0,3147.42,571.64
"чёрный марс (цв.№49)\"",10,9,2862.0,1718.39,286.2
"неаполитанский жёлтый (цв.№104)\"",28,26,3288.41,1302.17,117.44
"Мебель, оборудование-Этюдники, этюдные ящики, зонты",33,30,84994.81,37065.73,2575.6
"пенал-подставка\"",42,37,23371.88,10077.52,556.47
"(цв.№065) зеленый оливковый\"",33,28,2334.4,1068.63,70.74
"маджент алый (цв.№16)\"",17,15,2462.25,1015.3,144.84
"синий (цв.№114)\"",6,4,1419.77,593.84,236.63
Литература- Материалы и техники-Рукоделие,4,4,659.31,287.79,164.83
"охра жёлтый (цв.№131)\"",19,17,2417.97,1168.67,127.26
"чёрный (\"",38,35,3412.16,1372.3,89.79
Кисти-Специальные-Наборы,2,2,1396.21,601.16,698.11
Литература- Материалы и техники-Керамика,7,7,3006.96,1213.3,429.57
"350шт.\"",12,11,1896.76,846.81,158.06
"лазурь железная\"",13,12,317.0,135.21,24.38
Литература-Дизайн-Декоративно-прикладное иск-во,39,31,33729.04,13926.9,864.85
Мольберты.ru,8,8,17974.0,10013.39,2246.75
Paperclay,31,25,3099.1,1117.18,99.97
"умбра зеленая\"",5,5,1685.46,690.85,337.09
Литература-Диски,85,74,25217.66,10525.74,296.68
"желтый неаполитанский (цв.№422)\"",2,1,222.51,69.69,111.25
ВС акрил грунтовки,23,22,4282.27,1839.61,186.19
"серебряный (цв. №01)\"",9,7,1997.94,847.56,221.99
"киноварь темная\"",41,34,1253.11,504.36,30.56
"№1/62/51/22/30/44\"",5,5,2913.41,1506.62,582.68
"зеленый саванна (цв.№ 40)\"",13,12,1759.84,849.51,135.37
"коричневый осенний (цв.№ 8)\"",8,6,1202.24,380.05,150.28
"синий Бермуды(цв.№ 45)\"",5,5,671.84,368.77,134.37
z-Уценка группы 15.12.2009г. Корректировка серий,24,22,2031.84,1031.6,84.66
"синий ФЦ (цв.№514)\"",2,2,349.49,169.48,174.75
"коричне\"",21,17,1559.6,698.95,74.27
"кадмий желтый светлый (цв.№081)\"",18,17,2419.3,1209.92,134.41
"венец.белый (кракелюр) н\"",2,2,1702.4,849.68,851.2
"марс черный (цв.№49)\"",3,3,2578.0,1091.89,859.33
Rapid,3,3,4163.0,2113.27,1387.67
"№8\"",45,42,18442.9,8690.76,409.84
"№7\"",54,50,5872.0,2780.78,108.74
"красное бордо (цв.№15)\"",18,16,2414.4,1015.61,134.13
"А3\"",4,3,11385.8,3568.39,2846.45
"розовый (цв.№290)\"",81,76,2842.98,1307.82,35.1
"№7\"",20,19,2142.0,1111.21,107.1
"желтый соломенный\"",17,17,545.3,258.32,32.08
"0.7мм\"",37,34,3080.0,1501.14,83.24
"основной жёлтый (цв.№116)\"",20,18,1891.25,779.5,94.56
античная медь,11,11,7645.2,4001.63,695.02
"голубой (цв.№047)\"",1,1,454.6,198.87,454.6
Инструменты-макетирование-Ножи-Наборы,16,14,5016.75,2131.7,313.55
лазурь,19,18,1580.25,699.75,83.17
"железо (№04)\"",7,7,1295.0,690.46,185.0
Графические материалы-пастельные карандаши-наборы,48,46,36230.0,16565.27,754.79
"голубой незабудка(цв.№ 33)\"",9,9,1224.0,600.36,136.0
ЭМТИ,7,7,8560.0,4418.98,1222.86
"под темный орех\"",4,3,180.0,58.99,45.0
"(цв.№027) коньяк\"",36,34,2398.15,1158.12,66.62
"лимонный (цв.№100)\"",16,14,3342.28,1434.21,208.89
"оранжевый хурма(цв.№ 20)\"",3,2,408.0,151.4,136.0
"пепельно-розовый\"",13,12,433.4,183.56,33.34
"прусская-лазурь\"",18,14,586.55,231.89,32.59
"сапфиров\"",11,9,814.65,350.64,74.06
№5/10/0/4/2/8/12,18,18,17727.1,8017.76,984.84
z-Журналы 2006 неликвиды,48,41,14990.0,6391.97,312.29
"матовый №121\"",9,8,2610.38,1201.78,290.04
"бордовый (цв.№108)\"",13,12,2861.1,1332.73,220.08
Weiss Chemie+Technik GMBH,8,8,2250.0,1153.35,281.25
"лиловый (цв.№09)\"",13,9,3262.2,1141.09,250.94
"каштановый (цв.№112)\"",3,2,765.0,218.66,255.0
№2/6/6/8,2,2,1024.0,479.07,512.0
20 цв.,2,1,1222.0,264.71,611.0
кисточка+бумага,1,0,2139.98,,2139.98
"флуоресцентный красный(цв.№134)\"",11,10,3758.79,1570.06,341.71
"фиолетовый (цв.№ 586)\"",6,4,894.0,267.14,149.0
"серый холодный (цв. C2)\"",12,11,2388.05,982.46,199.0
"коричневый карамельный (цв. YR14)\"",7,6,1380.0,649.77,197.14
"лавандовый (цв. V06)\"",7,7,1388.05,642.81,198.29
"смешиватель цветов (цв. 0)\"",6,5,1200.0,462.45,200.0
"(цв.№050) красно-фиолетовый\"",27,25,2134.65,1038.02,79.06
"серый холодный (цв. C10)\"",13,11,2568.05,1077.5,197.54
"серебро (№02)\"",5,3,925.0,254.53,185.0
"книжка 11 листов\"",11,9,2633.75,1016.91,239.43
"сепия бледная (цв. YR24)\"",7,7,1398.05,805.39,199.72
"розовый (цв.№8)\"",4,4,581.0,327.46,145.25
"пурпурно розовый светлый\"",19,18,1046.9,525.01,55.1
"серебрянный (цв.№50)\"",14,11,2425.5,1050.55,173.25
"красный (цв.№548)\"",5,5,2879.34,1295.24,575.87
5мл),7,5,9611.92,3171.02,1373.13
Чай в чайниках,232,207,20421.84,9414.88,88.03
"красный чили (цв.№451)\"",16,16,2921.15,1480.99,182.57
"матовый коричневый (цв.№14/С)\"",3,3,628.1,378.79,209.37
"серый холодный №6\"",10,10,276.0,132.16,27.6
Живопись-Масло-Наборы-Профи,5,5,41420.0,15334.16,8284.0
"красный бордо (цв.№367)\"",4,4,755.2,378.48,188.8
"под дуб\"",9,9,320.0,147.07,35.56
"цикламен (цв.№13)\"",3,3,546.0,246.13,182.0
"зеленый бледный (цв. YG41)\"",7,6,1408.05,719.09,201.15
"белила титановые (цв.№02)\"",3,3,441.03,285.49,147.01
"алая\"",12,12,296.25,145.48,24.69
"небесно-голубой (цв.№12)\"",3,2,809.7,163.57,269.9
"голубая\"",13,8,373.75,101.33,28.75
"матовый оранжевый (цв.№04/С)\"",2,2,364.0,212.37,182.0
"синий черничный (цв. BV04)\"",5,5,1000.0,563.08,200.0
"вишневый\"",7,7,2436.0,1193.18,348.0
"флуоресцентный желтый лимонный (цв.№18\"",10,8,1796.6,777.26,179.66
"синий светлый (цв.№49706)\"",13,10,784.55,271.88,60.35
БМП-1,623,562,1016466.58,467809.58,1631.57
"тыквенно-оранжевый\"",3,3,291.0,139.5,97.0
"розовый яркий (цв.№18)\"",2,2,1700.0,1034.6,850.0
"синий (цв.№49707)\"",11,9,659.0,289.38,59.91
"обожженый янтарь\"",2,2,153.0,59.12,76.5
"фиолетовый закат(цв.№ 25)\"",3,3,408.0,186.17,136.0
10 цв.,19,17,4725.0,2595.96,248.68
"Бумага-вывод-Альбомы,блокноты,блоки,склейки,папки",4087,3678,1045925.79,470483.95,255.92
"Живопись-гуашь, банка/туба",5857,5268,526746.78,232311.45,89.93
Сонет,1995,1802,178967.58,80424.5,89.71
ВС универсальные покрывные,1052,955,346132.39,155866.44,329.02
"картон.упаковка\"",3036,2721,499808.73,209926.15,164.63
Графические материалы-инструменты-ластики,13337,12000,333686.12,150328.39,25.02
ВС масло связующие,1671,1470,211019.95,94114.85,126.28
12мм,49,45,4032.81,1804.28,82.3
"коричневый(цв.№020)\"",2,2,1090.75,522.95,545.38
"синий(цв.№012)\"",1,1,981.75,609.38,981.75
ДПИ-Направления-Лепка-Прочие,656,586,196052.87,85657.49,298.86
Скульптура - инструменты,2252,2028,147820.29,66522.45,65.64
"Мебель, оборудование-Муляжи",43,37,5390.0,2082.19,125.35
"фуксия (№409)\"",15,11,4218.0,941.5,281.2
"Кисти-Масло, Акрил- Щетина",4372,3936,367234.88,160765.71,84.0
металлик,725,645,205142.03,93281.44,282.95
"30л\"",143,136,4427.6,2197.58,30.96
"желтый (цв.№211)\"",102,96,6593.4,3080.61,64.64
"фиолетовый (цв.№607)\"",245,219,14168.86,6418.56,57.83
"серебро\"",331,306,49520.53,23216.92,149.61
Derwent,1297,1166,558439.31,244847.37,430.56
Графические материалы-мягкие прочие-уголь,3388,3056,250012.91,111907.73,73.79
Бумага пастель-листы-профи,17619,15834,1395918.99,627834.4,79.23
Золочение и реставрация-ВС реставрация,1018,929,133024.65,60831.05,130.67
ДПИ-Клей-ПВА,2128,1941,43963.38,20621.79,20.66
Бумага дизайнерская-оригами,228,209,38790.0,18082.47,170.13
"красно-жёлтый (цв.№10)\"",12,12,2394.0,1027.54,199.5
ДПИ-Клей-Универсальный,1990,1751,284311.89,123560.23,142.87
Гипс-Головы,317,289,466784.5,209293.1,1472.51
"вандик коричневый (№264)\"",11,9,3815.0,1431.31,346.82
"слоновая кость чёрная (цв.№269)\"",21,21,4809.0,2506.65,229.0
"12мл\"",156,138,31086.75,13802.43,199.27
Herlitz,1459,1306,77110.92,33923.92,52.85
Бумага пастель-блоки-стандарт,532,486,291294.68,132788.06,547.55
"Графические материалы-специальные- по стеклу (пластику, фарфору)",518,476,26518.67,11664.78,51.19
20л,6,5,3414.2,1204.37,569.03
Литература-Практические руководства по живописи и рисунку-Люди,490,438,123337.81,57982.95,251.71
(цв.№25),38,34,6675.75,2983.9,175.68
"изумрудн\"",23,21,1971.54,853.22,85.72
"лазурно-\"",32,28,3578.71,1402.88,111.83
5мг,392,361,21048.7,9742.8,53.7
"жёлтый прочный светлый (цв.№111)\"",11,10,1862.87,772.62,169.35
Мольберты-Этюдники,593,536,1855947.64,849012.66,3129.76
"красный Индийский\"",106,94,6175.22,2645.14,58.26
"ализарин\"",48,45,2854.05,1204.4,59.46
"лазурный (цв.№087)\"",20,16,4638.9,1828.59,231.95
"(цв.№246) табачный\"",54,52,3860.3,1960.26,71.49
"ДПИ-Клей-Бумага, канцелярский",366,325,48811.45,21391.82,133.36
Живопись-Акрил декоративный - Перламутровый Гамма,640,581,58302.63,26730.2,91.1
Кисти-Специальные-Белка,166,150,28584.53,12909.28,172.2
Олки Арт,311,284,8823.08,3984.64,28.37
"охра жженая\"",155,133,9335.19,3740.51,60.23
Живопись-акварель-наборы,516,472,198342.3,91738.01,384.38
"туба 46мл сер.2 кадмий желтый светлый (цв.№200)\"",261,234,33419.03,15757.54,128.04
"охра желтая\"",184,170,11531.19,5215.8,62.67
"умбра жженая\"",481,435,30500.0,14014.4,63.41
Литература-Дизайн-Учебные руководства,110,104,51277.45,24728.49,466.16
"неополитанская жёлтый (цв.№209)\"",232,213,8265.04,3832.74,35.63
"изумрудно-зелёный (цв.№713)\"",99,94,3138.25,1469.63,31.7
"лимонно-зеленоватый\"",5,2,858.45,316.66,171.69
"оранжевый настоящий (цв.№ 303)\"",9,6,6980.2,2748.98,775.58
"серо-син\"",20,18,1771.83,867.62,88.59
"(цв.№720)\"",202,182,11937.2,5104.12,59.1
"серый теплый 1\"",208,185,11265.68,4898.81,54.16
"оливково-зеленый\"",21,21,1039.9,526.53,49.52
"зеленая яркая\"",45,41,3666.0,1659.74,81.47
"бледное золото (цв.№303)\"",35,35,3360.84,1562.84,96.02
"охра светлая (цв.№ 602)\"",13,11,6391.32,2653.98,491.64
"Подрамники, рамы-Подрамники",2336,2140,636360.38,298779.62,272.41
"туба 46мл сер.2 кадмий желтый средний (цв.№201)\"",293,260,42694.44,19033.16,145.71
"серый холодный 3\"",69,60,3528.34,1476.69,51.14
"зелёный изумруд (цв.№ 13)\"",9,9,5376.0,2402.55,597.33
"сиена натуральная (цв.№ 15)\"",16,13,7641.6,3637.48,477.6
Литература-Периодика-Журналы 2009,80,68,10960.46,4485.53,137.01
"зелёный жемчужный (цв.№ 58)\"",7,7,2890.8,1550.58,412.97
"медь (цв.№23)\"",12,11,5081.6,2921.68,423.47
"розово-жемчужный античный (цв.№54)\"",15,13,7048.8,3499.82,469.92
"светлый телесный (цв.№19)\"",25,22,7884.8,3320.62,315.39
"английская красная (цв.№ 612)\"",9,9,4430.2,2095.63,492.24
"гераниевый лак\"",63,54,2425.78,1127.03,38.5
"вересковый\"",30,25,1165.25,453.85,38.84
"сине-фиолетовый лак\"",52,49,1871.06,929.76,35.98
"синий полночный\"",9,8,402.2,182.77,44.69
"зеленый фтал\"",50,48,2547.51,1284.14,50.95
"зеленый менеральный\"",31,28,1470.69,621.48,47.44
"медь буковая\"",22,22,922.2,455.48,41.92
"махагон\"",17,17,764.9,402.03,44.99
"серебряно-серый\"",59,53,2390.2,1090.81,40.51
"бесцветный (цв.100)\"",67,57,9570.2,3724.04,142.84
"земля поззуоли (цв.№ 43)\"",15,13,3550.0,1263.83,236.67
"умбра натуральная (цв.№ 45)\"",14,13,4333.8,2255.17,309.56
"кадмий оранжевый\"",47,41,2678.07,1269.34,56.98
"маджента светлая\"",35,31,2163.32,1087.02,61.81
"кармин устойчивый\"",37,31,1943.42,868.59,52.52
"красно-фиолетовый светлый\"",27,24,1473.6,697.23,54.58
"кобальт бирюзовый\"",55,50,3496.97,1559.2,63.58
"зеленые джунгли\"",44,40,2625.45,1246.5,59.67
"коралловый\"",17,13,1251.37,550.19,73.61
"серый холодный 4\"",132,121,8627.15,4167.06,65.36
"зеленый сильный\"",32,28,2022.16,843.89,63.19
"черный мягкий\"",69,64,4839.9,2143.66,70.14
"розовое озеро\"",37,33,1716.8,788.0,46.4
"зеленый сок\"",33,29,1625.4,755.55,49.25
"черный (цв.№ 473)\"",78,70,4772.3,2144.61,61.18
"индиго\"",157,141,11834.83,5735.67,75.38
"оранжевый (цв.№315)\"",101,92,6764.25,3057.1,66.97
Черчение-Рейсшины,670,602,113210.46,50672.23,168.97
"Литература-Искусствоведение, культурология",58,54,31458.0,13948.19,542.38
"кость жженая (имитация) (цв.№811)\"",68,60,12201.47,5393.37,179.43
"зелёная земля (цв.№296)\"",31,27,5104.22,2285.76,164.65
"Бумага дизайнерская-калька цветная, листы",254,228,23890.65,10569.26,94.06
"оранжевый (цв.№050)\"",46,43,8423.9,3610.21,183.13
"серая пейна (цв.№812)\"",148,135,5313.99,2422.79,35.91
"серый (цв.№251)\"",16,13,6428.05,2755.24,401.75
"виридоновый зеленый (цв.№508)\"",30,25,895.26,364.09,29.84
"\"Товары с логотипом \"\"Передвижник\"\"\"",146,130,67881.5,31415.11,464.94
"белый перламутровый (цв.№105)\"",123,110,6900.2,3110.62,56.1
"зелёный листва (цв.№494)\"",15,13,3157.25,1112.76,210.48
"оливковый (цв.№727)\"",75,67,2996.15,1289.15,39.95
"розовый светлый (цв.№335)\"",54,45,2231.22,855.4,41.32
"кобальт синий темн имит. (цв.№371)\"",23,21,4437.4,2118.07,192.93
"3Н\"",6,6,390.6,206.18,65.1
"коричнево-желтый (цв. E35)\"",9,7,2450.0,876.15,272.22
"коричневый земляной (цв. E44)\"",14,13,3458.05,1849.96,247.0
"пастель голубая ФЦ (цв.№378)\"",11,9,2866.48,1241.08,260.59
"бордовый\"",3,3,2156.8,1383.56,718.93
ДПИ-Клей-Пистолет,264,240,101662.52,46597.69,385.09
Arti,94,84,51513.0,21817.41,548.01
"бесцветный матовый\"",31,26,5291.01,2229.9,170.68
"желтый Неаполитанский\"",35,33,2097.0,1032.44,59.91
"2.6х1.8х0.7см\"",504,441,3091.6,1127.74,6.13
"красно-синий\"",26,23,1343.0,638.89,51.65
"орех коричневый\"",121,106,9053.65,4211.64,74.82
"ярко-голубой (цв.№509)\"",188,176,6990.56,3180.85,37.18
Литература-Отечественное иск-во-Монографии,85,73,41842.24,17980.78,492.26
"зеленый виридоновый (№382)\"",6,6,1883.0,1022.29,313.83
"кадмий красный (№503)\"",8,5,2135.0,739.45,266.88
"4В\"",121,105,4913.85,2278.26,40.61
Живопись-пигменты-банки-ЭМТИ,692,634,42068.55,19468.63,60.79
"нежно-зеленый\"",137,129,9739.76,4525.7,71.09
Литература-Периодика-ДПИ журналы,204,188,37224.5,16549.47,182.47
"самоочищающийся\"",126,108,1996.3,900.12,15.84
"сиена натуральная (цв.№109)\"",68,61,1478.0,611.92,21.74
"ультрамарин (цв.№417)\"",126,113,3510.52,1554.81,27.86
"французский голубой (цв.№076\"",10,9,3274.85,1801.49,327.49
"зеленый темный (цв.№63)\"",123,106,3583.14,1671.88,29.13
"пастель желтый лимонный (цв.№100)\"",20,19,4645.25,2512.93,232.26
"кадмий красный средний (цв.№228)\"",16,14,4138.97,2035.09,258.69
"оранжевый (цв.№ 4)\"",11,10,7667.2,3787.29,697.02
"неапол. желто-красный (цв.№15)\"",7,7,1727.37,763.0,246.77
"теплый серый 5\"",185,166,14603.19,6594.17,78.94
сепия,59,52,44975.3,22024.41,762.29
ВС акварель грунтовки,17,15,12621.8,4664.9,742.46
угольн. карандаши,19,17,29059.92,14958.97,1529.47
"белый (№003)\"",7,6,1659.0,675.46,237.0
Черчение-Лекала,459,414,45869.66,20925.59,99.93
"прусский синий (цв.№27)\"",31,28,9427.34,5059.51,304.11
"хромированное золото (цв.№707)\"",141,126,33800.45,14566.23,239.72
"голубой обработанный (цв. B05)\"",10,8,2966.1,953.38,296.61
"кадмий желтый средний(цв.№07)\"",6,6,1359.85,619.38,226.64
"ультрамарин синий темный(цв.№18\"",7,7,1506.86,740.66,215.27
"белила титановые (№009)\"",33,28,7000.0,3296.44,212.12
английский красный,9,9,3198.0,1830.88,355.33
"под темное дерево\"",38,35,2197.55,978.86,57.83
"красная темная\"",61,58,3870.0,1828.18,63.44
"2Н\"",2,1,207.0,74.82,103.5
ярко-голубой,26,21,2318.6,927.59,89.18
"лимонная\"",83,73,4349.28,1849.27,52.4
Черчение-Доски чертежные,21,20,77734.25,35963.29,3701.63
"бирюзовый\"",100,92,6043.0,2695.89,60.43
"фиолетовая\"",75,70,3910.25,1823.22,52.14
Литература- Материалы и техники-Коллаж,71,65,18038.66,7770.02,254.07
"голубой (№137)\"",10,9,3111.0,1471.44,311.1
"серебро с глиттерами (цв.№42785)\"",19,18,5356.2,2200.81,281.91
"белый жемчужный (цв. E41)\"",11,10,4460.0,1887.71,405.45
Artgooru,149,131,339937.5,145318.32,2281.46
"белая слоновая кость (цв.№021)\"",66,58,17471.5,7699.98,264.72
"кадмий желтый светлый (цв.№06)\"",6,5,1565.66,670.81,260.94
"зеленый хвойный (цв. G29)\"",7,6,2310.0,724.54,330.0
"желтый кислотный (цв. Y08)\"",6,6,1948.05,826.94,324.68
"темно-красный ализарин\"",16,14,872.6,398.88,54.54
"зеленое озеро (цв. G12)\"",9,9,3340.0,1893.55,371.11
"желто-зеленый (цв. YG03)\"",8,8,2340.0,1024.17,292.5
"лавандовый бледный(цв. BV31)\"",6,6,1930.0,1157.56,321.67
ТРИО,8,8,18432.0,9070.02,2304.0
"виноградный\"",22,20,798.7,379.57,36.3
"синий ультрамарин темный (цв.№392)\"",27,25,4686.77,2425.6,173.58
"тусклое золото (цв.№144)\"",86,77,17778.45,8115.67,206.73
"зеленый изумрудный (цв.№504)\"",26,25,1240.2,492.15,47.7
"золото майа\"",28,23,1441.2,623.79,51.47
14мм,38,35,4429.05,2253.54,116.55
банка п/э,139,122,31723.69,14337.51,228.23
"бежевый кирпич (цв. E31)\"",11,9,2940.0,1253.22,267.27
"тёмно-жёлтый (цв.№118)\"",31,29,4192.75,1893.64,135.25
RGM,993,905,99685.93,46033.0,100.39
"Кисти-Акрил, Паста- Наборы",17,16,5132.0,2794.93,301.88
"умбра (цв.№20)\"",11,10,4680.1,2150.26,425.46
"охра светло-жёлтая (цв.№132)\"",29,27,5292.91,2347.32,182.51
"светло-розовый квинакридон (цв.№214)\"",31,30,5172.22,2398.42,166.85
"фиолетовый прочный красноватый (цв.№465)\"",31,29,5206.77,2363.72,167.96
"ярко розовой (цв.№ 19)\"",24,19,4104.72,1554.71,171.03
"марс коричневый темный\"",72,68,3655.63,1731.73,50.77
"окись хрома\"",76,65,4057.5,1651.47,53.39
античное золото,10,8,4241.0,2066.37,424.1
"темно желтый хром\"",55,47,2707.41,1093.29,49.23
"зеленый темный (цв.№537)\"",109,101,2988.74,1384.46,27.42
"желтый (цв.№193)\"",84,74,3176.17,1390.05,37.81
шаг 2,37,32,19046.05,8460.63,514.76
"синий св\"",36,34,3451.26,1637.37,95.87
60мл,202,184,33086.98,15214.97,163.8
"капут-мортум фиолетовый\"",39,34,1942.6,852.19,49.81
"№ 35\"",35,32,23158.28,11809.88,661.67
"синий королевский (цв.№49717)\"",11,11,908.25,447.33,82.57
"земля зеленая (цв.№37)\"",25,23,4989.79,2103.81,199.59
"серебряный (цв.082)\"",56,50,6428.94,3045.04,114.8
"медный (\"",33,28,3049.65,1295.23,92.41
"матовый цикламен (цв.№13/С)\"",5,5,1916.1,1153.16,383.22
"перламутровый голубой турецкий(цв.№08/\"",4,3,692.3,247.52,173.08
"кадмий оранжевый (№619)\"",16,14,2716.0,998.42,169.75
"кобальт турецкий светлый\"",36,33,1748.4,828.32,48.57
"Кисти-Акрил, Паста-Каучук",68,67,27612.65,13083.01,406.07
"синий чирок\"",17,15,758.9,333.18,44.64
"ультрамарин(цв.№20)\"",5,5,1881.0,1151.35,376.2
"голубой (цв.№418)\"",105,97,2979.91,1418.22,28.38
"охра осенняя(цв.№125)\"",11,10,1938.65,865.72,176.24
"красный марс (цв.№ 43)\"",2,2,5100.0,1822.57,2550.0
"обычный жёлтый (цв.№ 4)\"",4,3,6800.0,2966.46,1700.0
"горная дымка\"",15,15,577.67,282.54,38.51
"в рулоне\"",1,1,960.1,363.47,960.1
изд. Моск.школы С.Андрияки,9,8,1504.08,631.63,167.12
"сиена натуральная (№109)\"",25,24,614.6,304.1,24.58
Литература- Материалы и техники-Прочее,8,7,2390.2,1285.23,298.78
"5мл)\"",157,139,20128.82,9267.46,128.21
"125шт.\"",14,13,2011.49,932.07,143.68
72г/кв.м,23,21,3516.07,1648.73,152.87
"золото среднее (цв.№150)\"",34,27,5345.87,2249.97,157.23
фуксия,32,29,2634.57,1205.36,82.33
"палевый кедр\"",26,23,1224.14,467.45,47.08
"d:2-3мм\"",42,39,13753.19,6772.57,327.46
"голубой (цв.№025)\"",5,5,720.99,376.35,144.2
"желтый (цв.№199)\"",5,4,720.99,232.75,144.2
"10гр.\"",35,30,948.99,377.19,27.11
медь,22,20,8849.15,3800.34,402.23
"стил де грэн коричневый (цв.№488)\"",16,11,2035.24,720.41,127.2
"флуоресцентный розовый (цв.№135)\"",12,11,4084.75,1843.87,340.4
"небесно-голубой (цв.№ 23)\"",4,4,3310.32,1503.47,827.58
базовый белый,6,6,3404.98,1604.08,567.5
кисть,41,38,51205.99,23283.4,1248.93
"10гр.\"",19,19,432.05,197.54,22.74
"белила циковые (цв.№748)\"",2,2,222.51,108.31,111.26
"кобальт синий (цв.№ 408)\"",11,9,3684.38,1454.89,334.94
"сине-зеленый (цв.№064)\"",8,7,1098.72,557.95,137.34
"фиолетово-синий (цв.№604)\"",9,9,1105.86,541.65,122.87
"восточный синий\"",31,28,939.47,438.84,30.31
"желтый основной (цв.№527)\"",6,6,591.4,277.05,98.57
"терракотовый (цв.№008)\"",25,24,1481.0,729.92,59.24
"песочный (цв.№89)\"",10,9,211.0,96.75,21.1
"жёлтый яркий темный (цв.№076)\"",21,19,2827.64,1181.91,134.65
"зеленый береза (цв.№ 39)\"",9,9,1360.0,685.34,151.11
"охра жёлтая (цв.№39)\"",18,15,2306.4,860.23,128.13
"тёмный жёлтый (цв.№ 6)\"",16,13,2056.8,787.61,128.55
облачный,35,31,2552.1,1015.97,72.92
античное олово,11,11,8489.8,4556.09,771.8
"№5\"",77,74,13864.0,6565.98,180.05
Eberhard Faber,22,19,4404.0,1669.03,200.18
"№3\"",47,43,3505.0,1550.41,74.57
"450шт.\"",9,6,1340.0,508.19,148.89
"синевато-серый (цв.№093)\"",7,6,1018.55,438.26,145.51
25мл,36,31,2479.15,1033.05,68.87
"№12\"",39,35,9093.0,4069.65,233.15
"тёмно-жёлтый (цв.№512)\"",7,7,1276.8,580.95,182.4
"тёмно-красный (цв.№516)\"",8,6,1450.08,481.41,181.26
"№14\"",5,5,340.0,142.89,68.0
"бронза антик\"",12,10,485.9,207.72,40.49
"темно-коричневый\"",7,7,679.1,306.3,97.01
"зеленый лист\"",44,37,2208.4,923.25,50.19
перламутр,8,8,1819.0,892.95,227.37
"0.2мм\"",65,61,5390.0,2520.99,82.92
"0.4мм\"",18,17,1540.0,667.23,85.56
"8 предмет\"",38,37,8333.2,4373.32,219.29
"стили\"\"\"",12,9,10486.6,3665.61,873.88
"сиена (цв.№090)\"",1,1,457.4,295.42,457.4
"серебро(№60)\"",41,33,5599.61,2190.08,136.58
"коричневый (цв.№14)\"",10,9,1628.8,831.92,162.88
"охра прованская (цв.№603)\"",3,1,1073.35,120.51,357.78
"охра желтая бледная (цв.№746)\"",3,2,525.0,155.57,175.0
"тёмно-зелёный (цв.№346)\"",12,12,2217.0,1113.7,184.75
"медный\"",5,5,2919.0,1472.38,583.8
"красный гранатовый(цв.№ 24)\"",7,7,945.2,403.61,135.03
"розовый гортензия(цв.№ 16)\"",7,6,1747.6,816.57,249.66
"неаполитанский желтый\"",29,25,1909.1,660.75,65.83
"киноварь (цв.№280)\"",21,21,4294.49,2195.24,204.5
Бумага акварель-рулоны-студия,12,11,37491.8,16467.24,3124.32
"(цв.№074) антрацит\"",26,23,1744.35,850.52,67.09
№126,12,9,264.0,103.12,22.0
"№8\"",11,11,1023.0,580.56,93.0
палитра,11,10,13168.6,5722.0,1197.15
"зеленый (цв.№062)\"",2,1,686.1,157.34,343.05
"небесно-голубой(цв.№013)\"",1,1,196.35,135.59,196.35
"белила цинковые (цв.№748)\"",3,3,494.0,236.26,164.67
"черный (цв.№ 116)\"",38,34,9706.0,4708.72,255.42
"черный глубокий (цв. 110)\"",17,13,3844.1,1550.15,226.12
"красный паприка (цв.№ 23)\"",4,4,544.0,188.47,136.0
"бледно-красный (цв. R02)\"",9,8,1790.0,869.47,198.89
"сиена жженая (цв. E09)\"",9,8,1798.05,834.92,199.78
"метал.фоль\"",7,7,5661.5,3064.25,808.79
"кармин (цв. R37)\"",8,6,1597.05,715.69,199.63
"лазурный (цв. B18)\"",7,5,1380.0,512.15,197.14
"(цв.№067) зеленый насыщенный\"",27,26,1694.56,872.27,62.76
"фиолетовый (№413)\"",8,7,1105.22,489.97,138.15
"сепия (цв.№609)\"",1,1,135.0,68.77,135.0
3,44,38,568.5,226.34,12.92
"зеленый спектральный (цв. G02)\"",5,4,970.0,411.36,194.0
"кадмий красный (цв. R27)\"",8,6,1617.05,555.44,202.13
"индиго (цв.№ 412)\"",5,5,1696.6,737.91,339.32
фляжка,1,0,1978.39,,1978.39
"розовый флуоресцентный (цв.№\"",13,12,2285.0,1104.82,175.77
"турецкий голубой (цв\"",6,5,1089.0,430.4,181.5
"5 шт.в блистере\"",37,30,1236.9,428.37,33.43
"зеленовато-желтый (цв. YG13)\"",9,8,1790.0,747.04,198.89
"голубой светлый (цв. B14)\"",4,4,770.0,440.26,192.5
"красный креветочный (цв. R24)\"",5,5,1000.0,496.33,200.0
"серый теплый (цв. W3)\"",9,9,2550.0,1187.16,283.33
изд. Taschen,2,2,816.0,468.95,408.0
Живописные кисти,31,27,18891.0,7271.25,609.39
"дер упаковка\"",6,5,14760.0,6284.83,2460.0
"висмут желтый (цв.№025)\"",1,1,493.0,209.47,493.0
12л,20,17,4987.0,2144.75,249.35
Мороженное,2,2,170.0,62.35,85.0
"розовый румяный (цв. R20)\"",5,5,970.0,504.88,194.0
"сиреневая мальва (цв. V15)\"",6,6,1170.0,547.83,195.0
"белый лунный (цв. BG11)\"",7,6,2560.0,982.91,365.71
"зеленый резеда (цв. YG11)\"",7,6,1400.0,619.08,200.0
"лимонно-желтый (цв.№02)\"",4,4,421.69,225.67,105.42
"перламутровый белый (цв.№01/Р)\"",1,1,182.0,106.29,182.0
"зеленая листва\"",6,5,2088.0,833.57,348.0
"желто-зеленый\"",6,6,2088.0,1209.82,348.0
"серый теплый (цв. W5)\"",8,8,1790.0,961.44,223.75
"зеленый светлый (цв.\"",3,3,399.5,161.27,133.17
х/б сумка,63,53,65434.0,28231.15,1038.63
Живопись-пигменты-банки-Кочергин,2,2,592.0,210.42,296.0
Заказы сторонних БМ,12,11,64012.0,33228.99,5334.33
"матовый алый (цв.№11/С)\"",3,3,450.0,263.1,150.0
"розовый (цв.№215169)\"",6,6,1428.0,696.46,238.0
"серый (цв.№19)\"",2,1,285.05,91.44,142.53
"марс красный (№533)\"",1,1,0.0,0.0,0.0
№12/10/2,3,3,3906.0,1667.17,1302.0
"обоженная глина (цв.№7905)\"",5,4,1930.5,790.66,386.1
"ярко-пурпурный\"",4,4,485.0,243.85,121.25
"красный\"",1,1,34.2,11.0,34.2
z-Уценка,23297,21032,1431764.7,649334.53,61.46
"Бумага дизайнерская-гофрокартон цветной, рулоны",17,17,1463.2,683.62,86.07
"Бумага дизайнерская-банановая 35г/кв.м, 650х950мм - 8 арт.",374,337,50588.59,22671.0,135.26
"Бумага дизайнерская-тонированая, листы",696,622,74870.42,34494.46,107.57
"240х340мм\"",20,18,5363.1,2479.37,268.16
Бумага рисовальная-листы,3800,3438,272630.94,124011.11,71.74
Кисти-Специальные-Щетина,2067,1855,222000.23,101851.66,107.4
Maimeri,3069,2772,900367.13,383701.85,293.37
ВС прочие - расформировать,471,428,198677.47,89723.04,421.82
"шунгит  (цв.№802)\"",13,12,990.0,495.3,76.15
"ДПИ-Направления-Стекло-Краски, контуры",17670,15885,1621230.32,733398.6,91.75
сер.1,354,327,84534.43,38932.68,238.8
"хром оранжевый (№626)\"",14,13,4036.0,1796.3,288.29
"ДПИ-Направления-Каллиграфия-перья, кисти",5791,5199,187679.88,84809.71,32.41
"кобальт зеленый\"",151,138,7967.69,3726.12,52.77
"ДПИ-Клей-Стекло, металл, керамика, фарфор",153,138,23665.12,10553.38,154.67
Бумага-Картон-для моделирования,879,789,73349.81,34920.83,83.45
Lyra,2077,1869,252288.5,115398.7,121.47
"золотой\"",294,265,37646.87,16900.8,128.05
"блист. упаковка\"",796,719,131034.95,59732.73,164.62
"умбра жжёная (цв.№46)\"",18,16,6294.72,2322.11,349.71
"веронский зелёный (цв.№ 37)\"",8,6,6067.2,2232.81,758.4
"белая (цв.№7641-01)\"",5,5,2625.44,1379.08,525.09
Ferrario,2098,1904,450556.98,201322.38,214.76
"красный\"",652,597,60739.97,30067.4,93.16
ВС акрил покрывные,991,886,144438.29,65227.46,145.75
ДПИ-Блестки-Стразы,147,133,22801.17,9953.13,155.11
"аэрозоль 400мл\"",92,84,35710.52,17647.07,388.16
Аэрография-Принадлежности-различные приспособления,301,270,13858.1,6199.41,46.04
Инструменты-макетирование-Ножи- высокопрочные,824,742,194285.3,85716.18,235.78
Инструменты-макетирование-Ножи- сверхпрочные,68,63,26035.5,12060.04,382.88
Литература-Учебные материалы,443,402,147976.31,68724.41,334.03
полителен. уп.,176,162,5768.0,2764.95,32.77
ДПИ-Контуры-Наборы,574,524,50313.28,23493.09,87.65
Литература-Практические руководства по живописи и рисунку-Основы,1162,1038,476777.59,210118.68,410.31
"розовый\"",304,268,18143.86,7383.03,59.68
Графические материалы-чернографитовые-механические/цанговые,5195,4641,429844.07,192595.84,82.74
ДПИ-Контуры-3D Гамма,3329,2979,185108.02,83881.0,55.6
z-Уценка группы 15.12.2009г. Пигменты -вывод,100,91,28126.6,13683.66,281.27
"(цв.№261)\"",31,25,5685.47,1806.45,183.4
"лиловый\"",27,22,3649.25,1781.8,135.16
Инструменты-макетирование-Ножи- для графических лезвий,767,686,225601.62,103074.31,294.14
"венецианский красный (цв.№262)\"",18,16,3308.3,1659.48,183.79
сер.4,35,34,16902.05,8539.47,482.92
Литература-я Вывод/снято с производства,3108,2791,798752.28,359324.86,257.0
"бирюзовый турецкий\"",31,28,2050.66,879.58,66.15
Графические материалы-пастельные карандаши-штуки,3563,3227,154272.77,69603.07,43.3
"небесный голубой (цв.№028)\"",24,19,7106.89,2227.46,296.12
Основы-холст на подрамнике-нестандартых размеров,480,436,160873.77,76470.12,335.15
"серебро (цв.№966)\"",87,80,4320.77,1944.39,49.66
"кр.венецианский\"",62,57,3131.7,1384.57,50.51
Основы-Картон грунтованный,2456,2204,217078.74,96589.96,88.39
z-Уценка группы 15.12.2009г. Кисти-вывод,1312,1188,125373.53,58481.95,95.56
"голубой светлый\"",37,33,2430.2,1157.53,65.68
"желтый (цв.№147)\"",72,62,1780.7,771.81,24.73
"железоокисный светло-красный (цв.№321)\"",105,91,4043.34,1654.52,38.51
"английская красная\"",13,12,471.25,197.55,36.25
кракелюр,175,147,76372.71,32655.82,436.42
"блист.упаковка\"",265,243,62623.64,28937.16,236.32
"Графические материалы-инструменты-держатели,удлинители",249,222,46606.47,19982.56,187.17
Литература-Архитектура-Общие труды,92,85,55867.37,25937.51,607.25
"серый холодный 1\"",169,150,12593.7,6149.76,74.52
Черчение-Рапидографы-Наконечники,163,145,53474.95,24560.61,328.07
"алый лак\"",67,60,2486.1,1100.99,37.11
Бумага-вывод-Картон грунтованный,2621,2340,323849.62,141596.55,123.56
Lana,127,115,9384.8,3932.94,73.9
"хромированное серебро (цв.№706)\"",126,111,36645.3,16792.08,290.84
"карт. коробка\"",49,44,10359.3,4699.7,211.41
"умбра (цв.№ 617)\"",13,11,7022.77,3139.16,540.21
ДПИ-Клей-Прочее,346,313,68159.44,30622.56,196.99
"индиго темный\"",196,178,12364.79,5848.03,63.09
"жёлто-зелёный (цв.№38)\"",19,16,8140.8,3019.61,428.46
"умбра жжёная (цв.№ 44)\"",25,22,10406.4,3763.89,416.26
"желтый средний (цв.№ 209)\"",6,5,3392.38,1866.89,565.4
"изумрудный (цв.№ 504)\"",7,7,5385.6,2901.37,769.37
"фиолетовый темный\"",69,63,2731.56,1208.17,39.59
"королевский синий\"",35,31,1630.6,710.19,46.59
"ультрамарин средний\"",22,21,922.95,479.99,41.95
"пепельно-голубой\"",10,8,428.67,161.05,42.87
"зеленый нефрит\"",53,50,1841.42,880.07,34.74
"майская зелень\"",63,57,3008.75,1320.08,47.76
"серо-зеленый\"",11,11,464.1,252.74,42.19
"зеленый  светлый мох\"",9,9,402.2,177.3,44.69
"пергамент\"",22,18,861.26,372.5,39.15
"желтый светлый (цв.№ 07)\"",16,13,3715.81,1616.71,232.24
"кадмий желтый средний (цв.№ 08)\"",21,19,4414.61,2173.35,210.22
"кадмий оранжевый (цв.№ 11)\"",13,12,2749.34,1092.72,211.49
"кадмий тёмно-красный (имитация) (цв.№ 14)\"",23,20,5198.53,2228.56,226.02
"розовый фуксин (цв.№ 16)\"",18,17,3372.8,1755.4,187.38
"сиена жжёная (цв.№ 44)\"",17,14,3946.0,1637.88,232.12
"хром желтый светлый\"",54,48,2752.6,1244.87,50.97
"кадмий желтый темный\"",155,138,7669.47,3457.01,49.48
"телесный темный\"",59,55,3173.35,1491.55,53.79
"кобальт синий темный\"",24,23,2003.0,947.98,83.46
"зеленый изумрудный\"",119,106,4886.16,1961.74,41.06
"зеленый фтал темный\"",8,6,509.0,133.9,63.63
Кисти-Специальные-Пони,313,294,55298.5,26698.24,176.67
Графические материалы-специальные-прочие,999,890,65911.65,29204.71,65.98
z-Журналы 2007 неликвиды,347,313,43491.0,19678.33,125.33
"синий дельфтский\"",38,35,2100.15,875.31,55.27
"золото светлое (цв.№137)\"",80,69,9684.29,4382.72,121.05
Литература-Дизайн-Прикладной дизайн,198,182,92109.33,42340.09,465.2
Черчение-Разное,756,684,135432.62,64675.81,179.14
"желтый глубокий (цв.№ 3)\"",14,13,5555.2,2307.7,396.8
"туба 46мл сер.1 ультрамарин (цв.№511)\"",355,323,29591.18,13335.63,83.36
"позолота (цв.№32)\"",126,110,59244.51,25618.69,470.19
d:2-4мм,757,666,93301.76,41861.34,123.25
"туба 46мл сер.2 кадмий красный светлый (цв.№302)\"",256,230,33623.19,15036.75,131.34
"Живопись-гуашь, Гамма, банка 75мл, перламутровый",1762,1576,110197.34,49231.01,62.54
"красно-коричневый (цв.№219)\"",25,22,744.25,336.72,29.77
"лимонный (цв.№133)\"",92,85,2663.73,1176.0,28.95
Живопись - инструменты-Масленки,756,682,84441.07,38261.67,111.69
"чёрная слоновая кость (цв.№50)\"",53,50,9795.45,5141.11,184.82
"небесно-голубой (цв.№512)\"",83,81,3129.85,1480.9,37.71
Черчение-Изографы-Тушь,311,273,34098.35,14577.18,109.64
"королевский светло-синий (цв.№ 30)\"",32,29,6649.11,2773.43,207.78
"№700\"",61,48,11935.3,4659.12,195.66
"красный веницианский\"",57,53,3092.6,1348.01,54.26
"неоновый розовый\"",169,147,7415.8,3220.4,43.88
d:1.5-3мм,1405,1269,62148.2,28032.32,44.23
шаг 1,26,24,16771.5,7013.35,645.06
Кисти-Акварель-Наборы,70,65,51810.74,23791.03,740.15
Графические материалы-маркеры-чернила,82,75,10673.89,5001.48,130.17
"белила цинк+титан (цв.№ 019)\"",37,34,9322.12,4733.77,251.95
"коричневый (цв.№419)\"",97,87,3669.2,1596.27,37.83
"пастель ультрамарин (цв.№390)\"",17,15,5435.22,2384.47,319.72
"охра неополитанская светлая\"",22,21,1418.6,651.19,64.48
"алый (цв.№318)\"",169,146,6816.95,2968.26,40.34
"пастель маджента (цв.№256)\"",18,14,5225.24,2300.73,290.29
"черная нейтральная\"",163,145,12288.3,5553.55,75.39
ДПИ-Направления-Батик-ВС,154,140,29646.49,12737.89,192.51
"красный индийский (№523)\"",5,4,1176.4,420.84,235.28
"кобальт синий спектральный (цв.№502)\"",118,110,3633.24,1767.05,30.79
"розовый хинакридон (цв.№324)\"",95,83,2693.34,1134.76,28.35
"фиолетово-розовая (цв.№608)\"",95,86,3381.82,1562.21,35.6
"фиолетов\"",13,11,1236.85,608.67,95.14
Канцелярские товары-маркеры,246,214,8299.75,3670.49,33.74
7мм,266,243,15407.7,7111.21,57.92
"зеленый аквамарин(цв.№ 44)\"",4,4,1067.6,582.73,266.9
"темно-красный (цв.№13)\"",19,16,2816.4,1030.26,148.23
Литература-Практические руководства по живописи и рисунку-Комиксы,367,329,46032.02,20688.3,125.43
"черный нейтральный (цв.№703)\"",87,79,2263.15,1041.92,26.01
"земля умбры натуральная (цв.№493)\"",23,21,4840.77,2006.03,210.47
"латунный\"",68,64,21235.8,10422.54,312.29
"голубой прусский (№135)\"",14,11,3453.0,1757.32,246.64
"красный (цв.№331)\"",111,93,4760.75,1955.05,42.89
"6 масшт.\"",94,84,26380.8,12087.56,280.65
макс. круг 300мм,24,22,19647.0,9193.58,818.63
"красный (\"",27,25,3732.85,1848.04,138.25
"желтый (цв.№44)\"",131,118,3717.21,1669.44,28.38
карминовый,74,63,7085.3,3055.37,95.75
Аэрография - ВС очистители,69,65,22206.0,9882.96,321.83
"желтый темный(цв.№221)\"",93,83,3431.9,1501.7,36.9
"желтый-темный (цв.№118)\"",24,23,5270.83,2589.75,219.62
"кадмий красный светлый (цв.№09)\"",4,4,1602.42,776.59,400.61
"слоновая кость черная (цв.№36)\"",9,8,2337.47,1083.62,259.72
"зеленый изумрудный (цв.№724)\"",9,8,3193.1,1785.09,354.79
"охра золотистая\"",85,74,4428.75,1878.78,52.1
Мольберты-Демонстрационные,84,79,143520.14,63237.25,1708.57
"умбра натуральная (цв.№45)\"",19,19,3867.5,1964.12,203.55
"бледно золотой (цв. №02)\"",41,38,12628.53,6304.1,308.01
"зеленый прусский (№369)\"",14,13,2614.0,1294.18,186.71
"пласт.упаковка\"",12,11,18315.2,8502.82,1526.27
"кармин (цв.№166)\"",30,27,3710.25,1644.32,123.68
"сочный зелёный (цв.№358)\"",30,26,3095.75,1402.56,103.19
"белила платиновые (цв.№017)\"",58,51,6759.31,3133.1,116.54
"белый тальк(цв.№ 2)\"",12,11,3084.48,1496.21,257.04
Графические материалы-маркеры-фломастеры,121,106,7823.7,3423.62,64.66
"сиена светлая\"",81,74,3383.51,1533.41,41.77
"серый\"",159,143,6482.8,2858.01,40.77
"холодный серый 4\"",145,134,11835.79,5651.49,81.63
"умбра натуральная (цв.№43)\"",12,10,5020.16,1685.01,418.35
"умбра жжёная (цв.№492)\"",28,23,7718.0,2349.06,275.64
"охра желтая (цв.№116)\"",152,138,4141.25,1903.24,27.25
"маджента (цв.№12)\"",4,4,1117.28,611.05,279.32
"(цв.№510)\"",27,23,6298.27,2417.07,233.27
"тёмно-зелёный (цв.№519)\"",10,9,2508.0,1158.63,250.8
"чёрный (цв.№524)\"",11,11,2872.8,1504.75,261.16
"зелено-голубой (цв. BG09)\"",9,9,3290.0,1704.12,365.56
"зеленый изумрудный (цв. G05)\"",3,3,1350.0,530.36,450.0
"серый холодный (цв. C0)\"",7,6,2130.0,936.82,304.29
классич.кожа,11,9,10161.98,4473.83,923.82
"вермилион темный имит. (цв.№285)\"",27,24,4399.47,2029.02,162.94
"окись хрома зелёный (цв.№336)\"",28,25,5231.64,1971.9,186.84
"бистр\"",27,26,951.95,450.99,35.26
Литература-Современное иск-во-Актуальное иск-во,25,22,19080.03,8198.29,763.2
"голубой новый (цв. BG02)\"",7,5,2158.05,930.37,308.29
"розовая натуральная губная помада (цв. E04)\"",10,9,2758.05,1505.14,275.81
"бирюзовый  №412\"",1,0,97.0,,97.0
"бесцветный (цв.№42776)\"",22,18,5536.8,2518.39,251.67
"сливки\"",43,38,2592.7,983.69,60.3
"черный (цв.№705)\"",121,107,3429.09,1515.81,28.34
"глауконитовый зеленый (цв.№510)\"",54,53,1756.5,888.07,32.53
"зеленый виридовый (цв.№508)\"",38,38,1594.21,710.52,41.95
"золото сусальное\"",26,23,1229.3,513.52,47.28
"синий прусский (цв.№402)\"",27,27,4615.5,2344.36,170.94
"гераневый бледный\"",33,29,1567.7,699.38,47.51
"d:0.25мм\"",58,48,24195.71,9137.06,417.17
"d:0.35мм\"",41,38,13348.62,6396.8,325.58
"чернила синие\"",98,90,1517.0,713.7,15.48
"турецкий зеленый\"",53,47,1890.54,796.21,35.67
"умбра жженая (цв.№610)\"",69,66,1801.68,897.02,26.11
"яркий фиолетовый (цв.№ 20)\"",21,19,4222.81,2089.06,201.09
"жёлтый прочный оранжевый (цв.№110)\"",20,16,3577.57,1608.45,178.88
"кадмий красный  светлый (цв.№226)\"",20,17,4054.27,1566.84,202.71
"мареновый лак темный (цв.№178)\"",23,21,4139.4,1626.28,179.97
охра светлый,20,19,5982.7,3068.07,299.14
"голубой ФЦ\"",65,58,3672.5,1672.74,56.5
"слоновая кость (цв.№021)\"",45,41,12109.42,5330.83,269.1
ластик,13,12,1752.4,773.44,134.8
"серый (цв.№22)\"",19,18,6218.3,2999.82,327.28
голубой,125,116,11998.0,5870.94,95.98
"кадмий красный темный (№504)\"",15,13,3115.0,1175.08,207.67
Аэрография - ВС маскирующие средства,39,36,24417.05,11109.71,626.08
"фиолетовый темный (цв.№315)\"",62,51,1605.54,700.05,25.9
"серебро (цв.№815)\"",93,80,5528.44,2334.64,59.45
"небесно-голубой (цв.№414)\"",61,54,9210.27,4142.56,150.99
Литература-Дизайн-Промышленный дизайн,27,22,9137.48,3989.63,338.43
"серый холодный №4\"",29,25,677.3,339.04,23.36
"матовый белый (цв.№102)\"",30,27,8722.56,3717.39,290.75
Литература-Календари архив,127,119,78351.5,38577.28,616.94
"телесный (цв.№09)\"",36,36,7417.5,3393.45,206.04
от паров амиака,10,10,2058.2,1142.38,205.82
"№2/5/8\"",184,172,10342.25,4699.08,56.21
светло-серебрянный,29,22,2823.65,1055.72,97.37
"матовый небесно-голубой (цв.№12/С)\"",8,8,1434.1,789.73,179.26
"перламутровый кармин (цв.№10/Р)\"",2,2,538.4,323.65,269.2
"умбра натуральная ленинградская цв.№407\"",6,5,1612.8,807.73,268.8
"карминовый основной\"",29,26,1581.3,681.72,54.53
"индантреновый синий (№321)\"",2,2,1983.15,1106.4,991.58
"кадмий зеленый (№080)\"",4,3,2608.65,1064.83,652.16
сер.5,10,10,10985.5,5798.34,1098.55
"сиена жженая (цв.№110)\"",58,54,1235.53,600.84,21.3
Живопись-масло-студия-Ладога ЗХК,129,116,33962.25,14833.4,263.27
"киноварь (цв. R08)\"",12,10,3258.25,1539.93,271.52
"светло-розовый (цв.№ 17)\"",2,2,5100.0,1569.02,2550.0
макс. круг 180мм,13,11,12160.5,5054.74,935.42
"мет.упаковка\"",29,26,34859.09,17826.23,1202.04
"маддера\"",24,22,1001.91,474.95,41.75
Литература-Отечественное иск-во-Общие труды,31,28,14416.69,7180.21,465.05
unknown,2,2,275.55,153.64,137.78
"чёрный (цв.№15)\"",14,11,1656.16,637.58,118.3
"охра желтая (цв.№131)\"",12,10,2299.4,960.53,191.62
"желтый  неапольский (цв.№190)\"",15,12,1989.75,629.33,132.65
"умбра натуральная (цв.№478)\"",8,8,1067.5,536.37,133.44
"тёмно-зелёный (цв.№16)\"",21,19,7776.48,3917.76,370.31
Marianne Hobby,19,17,6155.68,2299.7,323.98
"черный \"\"Маньтилья\"\"\"",18,14,2012.74,679.59,111.82
"сиреневый глициния (цв.№ 18)\"",10,10,1332.8,571.8,133.28
"кадмий красный светлый\"",69,63,3467.9,1515.5,50.26
"реальный светло-голубой (цв.№ 21)\"",8,8,6698.4,3405.09,837.3
60мл,9,9,1327.51,738.17,147.5
"церулеум\"",16,14,492.58,255.88,30.79
"дерев.упаковка\"",30,27,112596.4,50610.51,3753.21
"№2\"",1,1,127.58,69.19,127.58
"прочный оранжево-красный (цв.№249)\"",15,15,1905.75,1023.2,127.05
"шампанское\"",47,44,1439.21,676.46,30.62
"красный (цв.№ 583)\"",17,16,2492.46,1243.61,146.62
"марс оранжевый\"",60,55,2649.54,1198.53,44.16
"красный ализарин (цв.№004)\"",2,2,222.51,77.62,111.26
"серебро (цв.№7641-1\"",6,4,1758.23,713.9,293.04
"медь антик\"",16,15,690.18,304.77,43.14
"(цв.№013) оранжевый\"",33,30,2129.12,868.71,64.52
Аэрография - Оборудование - Компрессоры,22,21,201631.3,98510.96,9165.06
"фиолетовый спокойный(цв.№ 28)\"",10,9,1345.04,596.38,134.5
"30шт.\"",12,10,1928.06,750.18,160.67
"розовый (цв.№106)\"",12,10,3239.7,1139.79,269.97
"бледно-розовый (цв.№ 7)\"",13,13,1759.84,829.41,135.37
"голубой жасмин(цв.№ 34)\"",4,3,535.84,225.52,133.96
"шоколадный (цв.№ 10)\"",6,5,807.84,359.7,134.64
"светлое оранжевое озеро (цв.№453)\"",3,3,315.0,161.9,105.0
"(цв.№054) кобальт синий\"",30,26,2139.45,908.21,71.32
"красный пион (цв.№457)\"",8,7,1399.95,534.67,174.99
"черный (цв.№15)\"",15,14,2731.2,1156.04,182.08
"светло-зеленый (цв.№15)\"",17,15,4259.5,1945.23,250.56
"кадмий желтый лимонный (цв.№082)\"",18,16,2295.1,1071.6,127.51
"зеленый натуральный(цв.№ 41)\"",6,6,816.0,371.42,136.0
"0.1мм\"",64,59,5253.0,2370.87,82.08
"120шт.\"",9,7,1240.0,495.03,137.78
Двуреченский,80,73,2981.24,1372.21,37.27
"№00\"",85,79,2620.0,1228.46,30.82
"№10\"",52,47,11083.0,5040.69,213.13
"алый (цв.№11)\"",6,5,1458.8,602.0,243.13
"оранжевый (цв.№04)\"",4,1,628.1,96.09,157.03
"вишневый металлик\"",33,28,2038.75,911.8,61.78
"№12\"",30,29,8932.0,4236.46,297.73
"кобальт тёмно-синий (цв.№521)\"",8,8,1450.08,657.24,181.26
"№16\"",5,4,385.0,178.67,77.0
"разбавитель)\"",26,23,1520.2,650.71,58.47
500мл,5,5,6165.1,3113.21,1233.02
"гвоздично-розовый\"",17,14,526.3,209.13,30.96
"зеленый бриллиантовый (цв.№06)\"",5,5,910.8,470.68,182.16
"церулеум (цв.№368)\"",31,29,4124.7,1887.18,133.05
"оранжевая (цв.№7641\"",5,4,1487.5,535.1,297.5
d:5-16мм,25,25,4961.65,2277.43,198.47
"H\"",10,10,360.0,184.7,36.0
вермилион,24,23,1888.69,919.04,78.7
№101,10,10,264.0,131.27,26.4
"флуоресцентный зеленый (цв.№28)\"",26,23,9875.25,4238.07,379.82
"бирюзовый светлый (цв.№538)\"",38,33,717.45,301.65,18.88
Cretacolor,37,32,1295.0,576.52,35.0
"марена розовая\"",22,21,310.7,140.73,14.12
"зеленый светлый (цв.№602)\"",8,7,2935.8,1316.09,366.98
"тёмный жёлтый (цв.№118)\"",28,26,6485.4,2672.24,231.62
"холодный серый (цв.№23)\"",25,22,7299.4,2909.5,291.98
"оксид хрома\"",16,13,401.43,200.65,25.09
"зеленый (цв.№49710)\"",16,14,1081.55,511.25,67.6
"флакон стекло 75мл\"",9,7,1895.55,714.48,210.62
"хром оранжевый темный (№628)\"",6,5,836.0,280.52,139.33
"голубой павлин (цв. B06)\"",4,4,819.0,415.27,204.75
"синий кобальт (цв. B26)\"",12,9,2360.0,962.99,196.67
"изумрудно-зелёный (цв.№17)\"",18,18,4471.3,2070.62,248.41
"2мм\"",6,4,26419.5,8428.4,4403.25
№3/6/8/12,10,9,14254.39,5430.69,1425.44
"черный(цв.№021)\"",1,1,196.35,129.79,196.35
Живопись-Масло-Наборы-Стандарт,1,1,3305.0,2006.51,3305.0
№1/4/6/8,1,1,1723.0,761.39,1723.0
"коричневый (цв.№ 592)\"",11,11,1621.0,725.45,147.36
"оранжевый темный\"",17,14,220.35,93.53,12.96
"алый (цв.№06)\"",9,8,6110.0,3033.9,678.89
ДПИ-Направления-Дерево-ВС,6,5,2400.0,1065.5,400.0
"бежевый (№024)\"",12,11,1953.0,817.84,162.75
"белое серебро\"",18,15,793.8,325.28,44.1
"зелёная бирюза (цв.№ 28)\"",3,3,2550.0,1240.08,850.0
"гранатовый (цв. R39)\"",11,10,2188.05,959.65,198.91
"гипс скульптурный\"",2,2,17000.0,8723.44,8500.0
"кадмий желтый (№620)\"",7,6,966.0,448.76,138.0
"ярко-зелёный (цв.№11)\"",9,9,2291.2,1272.14,254.58
"карт.упаковка\"",7,7,12770.0,6812.32,1824.29
"оранжевый (цв.№013)\"",1,1,454.6,136.96,454.6
"живопись\"\"\"",1,1,3263.0,1315.23,3263.0
"желтый (цв.№49702)\"",20,17,1245.1,517.42,62.25
"золото (цв.№49714)\"",10,10,872.1,426.07,87.21
"зелёная светлая (цв.№ 29)\"",3,2,2550.0,912.34,850.0
"окись коричневая прозрачная (цв.№648)\"",2,2,332.8,140.54,166.4
губка,1,1,2010.1,1261.0,2010.1
"блист. упак.\"",10,10,1320.0,611.23,132.0
"зеленый №519\"",1,1,20.0,10.93,20.0
"лиловый (цв.№215168)\"",3,3,720.0,291.91,240.0
"яркий средне-жёлтый (цв.№272)\"",1,1,0.0,0.0,0.0
"неаполитанский светло-красный (цв.№123)\"",1,1,0.0,0.0,0.0
Бумага-вывод- из серий_Уценка группы,4248,3841,178988.46,81678.75,42.13
Сумки-на молнии ткань/кожа,2949,2640,2184469.42,983199.08,740.75
"чехол\"",877,774,90243.78,40680.85,102.9
Живопись - инструменты-Палитры,7658,6891,775703.04,345340.12,101.29
"марс красный (цв.№248)\"",17,16,4019.25,1608.22,236.43
ВС акрил растворители очистители связующие,291,266,32789.95,14536.52,112.68
Основы-холст на картоне,6091,5491,862789.72,384672.39,141.65
"золотойцв.№023)\"",1,1,981.75,349.23,981.75
Живопись-Акрил-Наборы-Декоративный,2897,2607,693366.49,303408.98,239.34
Таир,12695,11420,1826615.02,818140.78,143.88
перламутровый,997,910,50154.99,22757.43,50.31
ДПИ-Блестки-Глиттеры,1033,920,170070.82,76810.33,164.64
Гипс-Бюсты,45,40,271386.7,133110.77,6030.82
"золото (цв.№7641-13\"",9,9,4120.38,1881.58,457.82
"черная (цв.№7641-07\"",8,8,3543.23,1962.94,442.9
Nerchau,233,204,119038.37,50077.11,510.89
"терракотовый\"",180,167,7807.5,3641.22,43.37
"бронза (цв.№475)\"",93,88,22624.44,10625.44,243.27
Основы-холст на подрамнике-Студенческий-Лен,1952,1768,1048332.94,474076.1,537.06
Бумага-разная-для акрила и масла,411,372,220733.99,97239.77,537.07
Основы-холст на подрамнике-Базовый,6703,6010,4407000.88,2022021.65,657.47
"индийский красный (цв.№301)\"",59,55,6749.19,3455.97,114.39
"оранжевый\"",426,391,27791.56,12869.53,65.24
"коричневы\"",32,28,4906.2,2058.54,153.32
"синий (цв\"",46,41,6438.75,2851.81,139.97
"умбра натуральная\"",184,173,10393.17,4636.21,56.48
"земля зелёная (цв.№ 38)\"",17,14,5936.4,3034.77,349.2
"прусский голубой (цв.№ 22)\"",21,20,6039.0,3137.57,287.57
"охра коричневая (цв.№059)\"",4,4,1299.1,575.79,324.78
"зелень майская\"",112,97,5402.09,2245.49,48.23
"неоновый желтый\"",77,67,3831.89,1590.41,49.76
"(цв.№015) зеленый французский\"",51,47,3457.15,1607.8,67.79
Живопись-Акрил декоративный - Интерферентный Гамма,612,556,57651.58,26783.45,94.2
"серый теплый 4\"",139,126,8458.2,3852.16,60.85
"бордовый (цв.№50)\"",189,171,6045.93,2712.79,31.99
"туба 46мл сер.1 сиена жженая (цв.№406)\"",286,263,28142.84,13151.46,98.4
ДПИ-Клей-Ткань,214,194,34429.15,15394.91,160.88
"туба 46мл сер.2 кадмий лимонный (цв.№203)\"",311,278,43795.7,19929.46,140.82
Jacquard Products,838,734,185769.78,78194.15,221.68
ДПИ-Направления-Керамика-ВС,126,112,19174.2,8753.46,152.18
"роза (цв\"",35,30,2890.2,1064.51,82.58
"сизо-зел\"",33,33,3282.43,1597.37,99.47
"туба 46мл сер.2 глубоко-черный (цв.№ 804)\"",456,403,84075.0,35807.35,184.38
"ультрамарин светлый\"",138,125,7156.52,3313.44,51.86
"(цв.№014) маджента\"",42,34,2881.5,1070.04,68.61
"теплый земляной\"",42,38,2658.0,1102.32,63.29
"57х44Х16см\"",35,32,158530.77,78072.98,4529.45
d:1-5мм,633,573,21314.26,9709.92,33.67
оранж,324,290,41901.5,19147.99,129.33
"черная слоновая кость\"",251,225,11507.26,5093.83,45.85
Аэрография-Принадлежности-присоединительные элементы,24,17,10503.2,3482.83,437.63
"оксид красный\"",5,5,2613.4,1171.27,522.68
"3г\"",273,240,34277.45,15035.15,125.56
"серебристо-белый (цв.№107)\"",86,80,11096.7,5538.1,129.03
"d:1.8мм\"",543,493,20414.7,9259.5,37.6
"охра жёлтая (цв.№ 14)\"",19,16,8864.0,4278.6,466.53
"бирюзовый (цв.№ 36)\"",22,22,7564.8,3822.25,343.85
"желтый жемчужный (цв.№ 53)\"",4,4,2376.0,1210.39,594.0
"зелёный травяной (цв.№ 12)\"",13,11,6617.6,2983.8,509.05
"пурпурный перламутровый (цв.№61)\"",5,4,3656.4,1457.01,731.28
"светло-жёлтый (цв.№ 2)\"",15,15,5091.84,2882.46,339.46
"синий (цв.№ 9)\"",14,14,10086.4,4830.08,720.46
"желтый индийский (цв.№ 212)\"",10,9,4739.6,2470.52,473.96
"небесно голубой (цв.№ 420)\"",11,11,5113.6,2805.45,464.87
"розово-мареновый лак\"",25,22,1014.6,448.62,40.58
"сливовый\"",28,24,1105.95,470.06,39.5
"светло синий\"",19,17,738.37,329.56,38.86
"синий восточный\"",26,24,1072.47,502.22,41.25
"зеленая пихта\"",15,15,579.19,256.13,38.61
"зеленый кедровый\"",39,35,1504.75,689.89,38.58
"зеленая земля\"",134,121,7882.71,3716.87,58.83
"сиена натуральная\"",136,123,6217.22,2658.31,45.71
"осенняя листва\"",21,19,767.43,392.44,36.54
"серый штормовой\"",17,15,801.86,397.42,47.17
"голубой циановый (цв.№ 27)\"",22,18,3938.6,1790.34,179.03
"кадмий красно-оранжевый(имитация)(цв.№ 12)\"",14,13,3557.41,1103.82,254.1
"кадмий тёмно-оранжевый (имитация) (цв.№ 10\"",16,15,2622.33,1095.82,163.9
"кармин (цв.№ 17)\"",15,13,2488.21,1219.02,165.88
"красный (цв.№ 15)\"",9,9,2717.6,1112.34,301.96
"охра светло-жёлтая (цв.№ 39)\"",19,15,4697.6,1717.34,247.24
"кадмий желтый светлый\"",55,50,2396.82,1000.54,43.58
"пурпурно-розовый средний\"",21,21,1224.27,616.68,58.3
"сине-фиолетовый\"",28,26,1494.85,679.68,53.39
"синий смальт\"",90,86,4888.18,2328.05,54.31
"зеленый оливковый основной\"",34,32,2182.63,851.91,64.2
"терракота\"",101,93,7891.14,3522.34,78.13
"серый холодный 5\"",59,55,2875.3,1366.47,48.73
"пластм.упаковка\"",374,337,22968.42,10063.61,61.41
"картон.упаковка(детский)\"",21,21,23044.0,12477.27,1097.33
шунгит,43,38,2939.43,1380.57,68.36
d:0.75мм,147,131,9791.35,4301.8,66.61
"хром желтый темный\"",52,47,2501.88,1130.09,48.11
"туба 46мл сер.1 голубой ФЦ (цв.№500)\"",308,272,26531.81,11719.52,86.14
"туба 46мл сер.1 железная красный (цв.№316)\"",236,211,19472.92,8860.88,82.51
Живопись-Акрил-Наборы-Стандарт,359,331,150005.38,65602.63,417.84
Кисти-Специальные-Поролон,362,327,17540.25,8222.75,48.45
"зеленый  (цв.№725)\"",54,45,3114.1,1402.01,57.67
"отбеленный камень (цв.№7990)\"",48,42,39903.0,17086.94,831.31
"туба 46мл сер.2 кадмий пурпурный (цв.№306)\"",305,272,49211.13,22932.17,161.35
"оливковый зеленый (цв.№541)\"",21,19,6589.43,3105.13,313.78
"белый (цв.№004)\"",18,16,6219.86,2169.08,345.55
"3.5х2.8х1см\"",503,447,6585.26,3145.98,13.09
"пастель сиена жженая (цв.№278)\"",22,19,5235.96,2044.94,238.0
"пастель умбра жженая (цв.№492)\"",15,14,5035.86,1514.22,335.72
"коралловый (цв.№332)\"",19,17,4505.4,2099.69,237.13
"фиолетовый темный (цв.№606)\"",86,81,4657.0,2388.54,54.15
Marabu,382,342,71672.4,31115.52,187.62
d:0.8мм,538,475,68977.61,29825.33,128.21
"сиеная жженая\"",54,51,2744.8,1282.19,50.83
10мм,54,45,4253.23,1450.75,78.76
"синий парижский (цв.№ 458)\"",69,62,4095.25,1853.19,59.35
"серебро (цв.№ 804)\"",11,11,8123.75,3519.15,738.52
цв.№920,62,56,9840.5,4495.03,158.72
"берлинская лазурь (цв.№518)\"",177,158,7087.45,3451.58,40.04
Графические материалы-пастель-масляная,921,828,196116.8,87316.78,212.94
Живопись-Акрил декоративный - прочие,38,33,16217.55,7056.43,426.78
"кадмий красный светлый (цв.№302)\"",145,133,4461.7,2044.97,30.77
"зеленый перманентный (цв.№27)\"",3,2,918.82,171.61,306.27
"красный феррарио (цв.№11)\"",4,4,1212.84,468.72,303.21
"синий цианский (цв.№20)\"",5,5,2433.03,1045.6,486.61
"зеленый пастельный (цв.№13)\"",156,144,4339.18,2047.0,27.82
"карминный (цв.№166)\"",56,49,52038.55,5530.33,929.26
"восточно синий\"",144,133,6778.5,3104.56,47.07
"бордо (цв.№325)\"",196,178,6153.14,2928.62,31.39
"пастель морская волна (цв.№388)\"",23,21,6571.25,2629.36,285.71
"сиена жжёная (цв.№44)\"",4,4,9902.5,5598.98,2475.63
Литература-Современное иск-во-Классическое современное иск-во,50,47,31227.2,15381.69,624.54
"серый светлый (цв.№94)\"",171,152,5233.96,2241.85,30.61
"абрикосовый\"",3,3,2731.0,1559.08,910.33
"Графические материалы-специальные-по дереву(столярный), химический",616,544,22847.6,10405.84,37.09
"красный яркий  (цв.№220)\"",38,37,4473.25,2124.4,117.72
"ван дик коричневый\"",47,42,2285.52,1046.25,48.63
"оранжевый кадмий\"",11,11,324.35,184.32,29.49
"бирюзовый (цв.№507)\"",291,254,13261.26,5976.3,45.57
"лазурно-голубой (цв.№519)\"",240,219,7909.85,3476.77,32.96
Аэрография - Оборудование - Наборы,43,39,106031.05,43437.03,2465.84
"красный светлый (№527)\"",5,4,1312.4,522.44,262.48
"розовая (цв.№322)\"",157,136,4590.97,2000.81,29.24
"зеленое золото\"",79,71,6812.31,3202.78,86.23
"холодный серый 3\"",149,139,11503.67,5486.4,77.21
"марс коричневый (цв.№412)\"",153,131,6444.1,2891.43,42.12
"краплак красный светлый (цв.№313)\"",139,124,5607.31,2553.35,40.34
ВС масло грунтовки,56,51,16324.46,7789.04,291.51
"белый ромашка(цв.№ 3)\"",8,8,1611.6,766.02,201.45
"синий циан (цв.№26)\"",23,23,9565.6,4731.62,415.9
"охра красная (цв.№306)\"",14,12,2380.18,862.49,170.01
"белила цинковые (цв.№100)\"",210,188,8475.09,3717.52,40.36
"умбра натуральная (цв.№609)\"",66,61,1815.85,758.36,27.51
"белый (цв.№104)\"",146,130,9424.4,3811.79,64.55
"охра светлая  (цв.№206)\"",57,51,2155.75,962.97,37.82
"коричневый бистре\"",34,31,2382.6,1156.94,70.08
"малиновый лак\"",64,59,2235.0,1046.72,34.92
"зеленый оливковый\"",66,61,2944.27,1426.48,44.61
"перламутровый\"",226,209,40069.0,18280.38,177.3
цв.№175,86,80,12168.5,5607.38,141.49
чернограф.монолит,25,22,46112.2,21908.26,1844.49
Графические материалы-специальные-цвет металлик,415,385,15158.49,7069.55,36.53
5-3мм,232,211,8781.07,4045.79,37.85
оранжевый,188,166,17336.93,7922.4,92.22
"чёрный гранит (цв.№7991)\"",23,18,23454.9,8370.31,1019.78
"зеленый темный (цв.№710)\"",62,50,2215.26,883.41,35.73
"зеленый земляной (№379)\"",14,12,3495.0,1107.34,249.64
"желтый лимонный (цв. Y13)\"",4,4,1548.05,815.1,387.01
"зеленый мох (цв. YG67)\"",9,9,2550.0,1377.06,283.33
"умбра жженая (цв.№492)\"",18,16,4143.72,2023.55,230.21
"кадмий красный темный (цв.№10)\"",6,5,2043.45,567.63,340.58
"китайский белый\"",221,204,10331.88,4969.72,46.75
сине-зеленый,8,8,4094.0,2351.83,511.75
"кармин (цв.№13)\"",7,6,2668.25,1272.74,381.18
ярко-красный,32,27,2746.45,1105.88,85.83
банка 80мл,107,101,23538.4,11188.08,219.99
"зелёный ФЦ (цв.№321)\"",17,15,2306.46,776.05,135.67
"красный фуксин (цв.№437)\"",14,12,2842.0,1130.85,203.0
"оловянный (№588)\"",8,7,2054.6,817.01,256.83
"серый холодный (цв. C1)\"",12,12,3159.0,1531.45,263.25
"марена красная темная (цв.№14)\"",5,5,1271.64,552.3,254.33
"охра желтая натуральная(цв.№30)\"",7,7,1712.67,829.74,244.67
"(цв.№518)\"",5,5,2280.0,1059.55,456.0
"желтый кадмий (цв.№153)\"",8,6,1462.61,346.95,182.83
"лаванда (цв.№601)\"",9,9,5347.25,2351.23,594.14
Живопись-масло-профи-Winsor&Newton  Artist s,36,31,13163.2,5642.42,365.64
"бежевый светлый (цв. YG91)\"",7,7,2158.05,941.01,308.29
"изумрудный зелёный (цв.№529)\"",3,2,1034.75,637.56,344.92
"светло-зелёный (цв.№311)\"",32,29,7396.7,3025.32,231.15
золото,20,18,9565.05,4784.21,478.25
небесно-голубой,26,24,2711.0,1205.13,104.27
"золото геральдик\"",24,22,1315.6,590.52,54.82
"золото темное (цв.№151)\"",62,58,7069.75,3087.74,114.03
"белый (цв.№005)\"",165,147,5195.35,2359.64,31.49
"серебристый шелк\"",24,22,1203.4,579.07,50.14
"ярко-зеленая\"",15,15,493.75,215.23,32.92
"кармин к\"",30,28,3108.44,1509.66,103.61
"кармин (цв.№206)\"",18,16,734.38,385.1,40.8
"светло-синий фтал\"",44,41,2150.6,1039.56,48.88
"белила цинковые (цв.№ 01)\"",30,27,6589.2,2787.38,219.64
"синий индийский\"",34,33,1664.5,812.64,48.96
"небесный (цв.№414)\"",33,29,5846.58,2768.05,177.17
"медь (цв.№215192)\"",31,27,9388.15,3771.82,302.84
"красный прочный темный (цв.№253)\"",15,14,2936.8,1224.15,195.79
"зеленый средний (цв.№722)\"",86,85,2955.65,1502.07,34.37
НВ-8В,66,61,10478.6,4668.7,158.77
синий,73,63,10149.1,4587.86,139.03
Литература-Дизайн-Общие труды,17,12,10698.96,3145.64,629.35
"телесный светлый\"",130,117,5643.3,2451.13,43.41
прозрачный,160,145,31720.81,14476.39,198.26
"серый фетр\"",41,38,1521.36,656.04,37.11
"черный перламутровый (цв.274)\"",54,47,5762.35,2493.13,106.71
"тёмно-зелёный (цв.№32)\"",26,25,6046.8,3400.21,232.57
"кадмий желтый (цв. Y15)\"",5,5,1789.0,1137.04,357.8
"зеленый землянистый\"",19,18,330.2,158.31,17.38
Кисти-Универсальные-Синтетика,357,323,7501.68,3459.85,21.01
"светло-оранжевый (цв.№8)\"",17,13,6735.2,2342.19,396.19
"зеленый стойкий\"",41,39,4704.2,2212.4,114.74
"(цв.№063) латунь\"",56,50,4110.95,1695.85,73.41
"светлый орех (цв. E57)\"",11,10,2960.0,1558.02,269.09
"золотистый\"",41,38,1808.85,846.06,44.12
"карминный (цв.№ 14)\"",4,4,6800.0,3159.17,1700.0
"красный яркий (цв.№13)\"",4,4,8542.0,3689.5,2135.5
"светло-фиолетовый (цв.№ 19)\"",2,1,5100.0,491.61,2550.0
"охра жёлтая (цв.№302)\"",9,9,1602.64,780.52,178.07
"2 кисти; дерев.упаковка\"",5,5,11205.0,4959.59,2241.0
"4.5х3х1.2см\"",102,89,1477.81,662.11,14.49
"белила титановые (цв.№ 02)\"",20,19,3586.88,1992.33,179.34
"Литература-Архитектура-Ландшафт, сад",31,26,19292.94,7735.02,622.35
"285г/кв.м белый\"",41,36,13780.24,5807.55,336.1
z-Материалы для ДПИ маски - вывод,372,337,24646.11,12197.9,66.25
№1/3/4/6/8/12,11,9,11555.74,4230.78,1050.52
"пастель сандаловый красный (цв.№263)\"",13,11,2500.83,1245.37,192.37
бирюза,31,30,2732.16,1339.22,88.13
"(цв.№061) зеленый резеда\"",43,36,2644.47,1115.41,61.5
"земля сиены жженая (цв.№278)\"",29,25,4276.12,1874.86,147.45
"пастель окись хрома зеленая (цв.№336)\"",15,15,3228.21,1574.72,215.21
"бежевая камелия (цв.№ 5)\"",16,12,2288.2,795.25,143.01
4х1,66,56,1109.37,480.27,16.81
в ассортименте,60,51,5960.9,2440.06,99.35
"гвоздично мореновый лак\"",31,25,976.45,395.66,31.5
ДПИ-Направления-Лепка- Формы для лепки,45,39,7563.05,3245.14,168.07
"св. синяя (цв.№7641\"",10,6,2905.09,795.43,290.51
"черный (№034)\"",7,5,962.83,365.3,137.55
"умбра жжёная (цв.№477)\"",25,22,4788.44,1660.49,191.54
б. 80мл,13,10,2698.57,1153.77,207.58
"желтый светлый\"",20,18,4661.37,2032.15,233.07
"сиена жжёная (цв.№523)\"",10,8,2166.91,906.49,216.69
"красный квинакрион (цв.№258)\"",20,17,2565.5,1027.71,128.27
"пастель зеленый темный (цв.№305)\"",13,10,2511.58,934.29,193.2
Бумага акварель-листы-профи,62,58,25712.32,13108.08,414.71
"картон.упаковка\"",18,17,12403.57,5862.83,689.09
"зеленый (цв.№311)\"",2,2,170.16,87.53,85.08
"золото инка\"",28,25,1142.1,489.72,40.79
"синий сапфир (цв.№048)\"",14,12,1882.72,698.54,134.48
"в пенале\"",7,7,19875.19,9818.67,2839.31
"15мм)\"",14,12,13389.6,5885.91,956.4
"желтый светлый (цв.№ 206)\"",6,6,2364.77,1158.26,394.13
"песочный (цв.№ 15)\"",5,3,794.24,231.75,158.85
"белый (цв.№ 1)\"",28,24,9787.58,4126.6,349.56
"фиолетовый (цв.№038)\"",2,2,454.6,240.61,227.3
"телесный (цв.№257)\"",2,2,349.5,182.87,174.75
"зеленый тоник (цв.№ 43)\"",3,3,816.0,521.78,272.0
"ультрамарин (цв.№25)\"",16,15,2515.2,1116.39,157.2
"перечно-красный\"",7,6,668.7,266.51,95.53
"коричневый (цв.№48)\"",20,19,2540.4,1260.35,127.02
богатое золото,21,16,1697.0,627.38,80.81
"160шт.\"",10,9,1240.0,614.12,124.0
"0.5мм\"",90,81,8699.4,3664.27,96.66
"№9\"",24,23,8890.0,4406.34,370.42
"бусины\"\"\"",21,19,1868.6,798.08,88.98
Peel Offs,86,81,2937.0,1360.3,34.15
Литература-Дизайн-Монографии,31,29,25485.0,12017.58,822.1
"5кг\"",8,7,5934.0,2270.46,741.75
"синий сапфировый\"",9,8,863.3,394.47,95.92
"0.6мм\"",28,25,2310.0,999.32,82.5
"изд. Харвест, Минск",4,3,1376.0,585.11,344.0
"античный розовый (цв.№205)\"",16,15,2974.5,1376.12,185.91
"коричневая (цв.№764\"",6,4,1785.0,558.11,297.5
"сиреневый (цв.№09)\"",8,7,1265.2,599.38,158.15
"зелёный (цв.№517)\"",6,6,1276.8,675.4,212.8
"картон.упаковка(де\"",6,5,2034.6,787.15,339.1
"белый переливающийся (цв.№330)\"",2,2,349.4,227.82,174.7
светло-бежевый,19,16,1517.94,670.9,79.89
"сиена жжёная (цв.№481)\"",9,9,1309.0,573.57,145.44
"английская красная (цв.№207)\"",38,36,761.9,345.1,20.05
"d:1.5-3мм\"",25,21,3021.2,1300.69,120.85
"(цв.№081) аметист\"",26,24,1578.05,761.55,60.69
"зеленый золотой (аналог) (цв.№294)\"",3,3,651.0,263.11,217.0
"черный (цв.№505)\"",5,5,826.0,468.31,165.2
"бронзовый (цв. №05)\"",26,22,5344.0,2272.33,205.54
"фиолетовый пурпурный\"",16,14,667.9,321.9,41.74
"терракота (цв.№605)\"",8,5,4376.6,1035.26,547.08
"фуксия светлая\"",30,25,1378.7,619.75,45.96
"античное железо (цв.№136)\"",2,1,848.1,149.57,424.05
универс.адаптер,45,41,18535.0,8399.48,411.89
"сине-зеленый (цв.№536)\"",62,55,1217.7,537.89,19.64
"желтый флуоресцентный (цв.№1\"",15,13,2001.0,945.22,133.4
"желтый средний (цв.№220)\"",88,78,3013.65,1327.78,34.25
"основной красный-мажента (цв.№256)\"",21,18,1993.25,814.2,94.92
"красный (цв.№107)\"",5,5,1335.4,757.05,267.08
палитра),2,2,3279.71,1908.11,1639.86
"краплак розовый (цв.№029)\"",2,2,454.6,251.49,227.3
"карибский голубой (цв.№247)\"",10,9,1517.75,670.8,151.78
"зеленый лес (цв.№270)\"",3,3,347.4,167.25,115.8
"охра желтая (цв.№744)\"",3,3,349.5,168.81,116.5
"красный темный (цв. R59)\"",12,12,3160.0,1465.27,263.33
"малиновый (цв. RV29)\"",6,4,1190.0,322.21,198.33
"кобальт фиолетовый темный (№193)\"",1,1,1395.0,550.82,1395.0
"охра красная (цв.№647)\"",1,1,175.0,67.52,175.0
"бежевый (цв. E11)\"",8,7,1780.0,771.27,222.5
"зеленый светлый (№347)\"",18,18,2649.0,1235.4,147.17
"(цв.№055) ультрамарин темный\"",28,27,1920.35,960.52,68.58
"голубой фталовый (цв. B23)\"",12,11,2388.05,1016.93,199.0
"(цв.№094) сапфир\"",14,14,819.05,420.52,58.5
"белый для смешивания (№007)\"",11,9,1657.0,716.21,150.64
"серый нейтральный (цв. N7)\"",10,9,1980.0,945.41,198.0
"умбра натуральная светлая (цв.№557)\"",3,3,486.0,219.1,162.0
"голубой мятный (цв. B01)\"",7,6,1380.0,717.56,197.14
"зеленый (цв. G07)\"",8,7,1598.05,621.84,199.76
"зеленая мятная вода (цв. BG32)\"",6,4,1198.05,426.68,199.67
Молочные коктейли,91,83,1137.0,489.04,12.49
"красный чилийский перец(цв.№ 22)\"",5,5,680.0,355.31,136.0
"металл. упаковка\"",1,0,2700.0,,2700.0
"оранжевый флуоресцентный (цв\"",3,3,464.0,211.8,154.67
"фиолетовый светлый (цв.№33)\"",9,8,3251.2,1356.55,361.24
"баклажановый\"",4,3,1721.0,666.17,430.25
d:1-2,50,45,4252.5,1841.51,85.05
пласт. упаковка,25,23,20947.0,9604.85,837.88
"матовый кармин (цв.№10/С)\"",4,4,632.0,307.01,158.0
"золото (цв.№ 802)\"",15,14,8692.66,3750.68,579.51
"зеленый травяной (цв. YG17)\"",11,11,2160.0,1236.67,196.36
"темно-розовый (цв.№ 582)\"",4,4,580.65,247.15,145.16
"(цв.№121)\"",1,1,245.0,170.52,245.0
"метал.упаковка\"",2,2,8240.0,3473.53,4120.0
"зеленый (цв.№519)\"",27,27,544.0,287.68,20.15
"черный (цв.№49712)\"",15,13,1438.55,684.26,95.9
"черный полуматовый\"",24,22,5884.0,2998.85,245.17
"желтый канареечный (цв. Y02)\"",5,5,998.05,482.79,199.61
БМП-3,192,168,322503.49,141319.49,1679.71
"перламутровый желтый золотой (цв.№03/Р\"",3,3,436.6,179.59,145.53
"солнечно-желтый\"",7,7,776.0,412.49,110.86
"голубой №901\"",1,1,29.0,19.28,29.0
"фиолетовый (цв.№49708)\"",11,11,746.55,338.59,67.87
Кисти-Масло-Колонок,5695,5124,1021676.73,463690.94,179.4
125г/кв.м,2271,2028,45616.28,20953.51,20.09
Бумага техническая-калька,1279,1143,203818.75,90918.27,159.36
Живопись-Акрил студия - художественный  ГлянцевыйГамма европодвес,9705,8700,759876.68,346919.18,78.3
Бумага-вывод- в листах,5751,5129,487118.92,212969.38,84.7
ДПИ-Направления-Ткань-наборы,971,876,323219.15,143711.36,332.87
Мольберты-Хлопушки,36,33,137519.4,65947.33,3819.98
Живопись-Акрил стандарт - System3 DR туба,822,751,203363.53,96026.34,247.4
Бумага-Картон-пенокартон,2531,2295,2716844.79,1213973.44,1073.43
"Подрамники, рамы-Планшеты",3850,3466,2550475.59,1170236.14,662.46
"неаполитанский желтый светлый (цв.№105)\"",23,21,3338.34,1630.27,145.15
"серый пейна (цв.№514)\"",28,24,5126.27,2025.33,183.08
"синий королевский светлый (цв.№405)\"",31,29,4916.07,2382.13,158.58
Основы-Аксессуары для холстов,169,158,63960.11,31035.35,378.46
"сине-зеленый ФЦ (цв.№410)\"",18,17,2752.35,1288.22,152.91
ДПИ-Направления-Стекло-ВС,560,504,127210.48,59033.45,227.16
"зеленый сахарный(цв.№017)\"",1,0,981.75,,981.75
"охра золотая(цв.№019)\"",3,3,1374.45,578.31,458.15
Графические материалы-пастель-сухая,400,360,232153.36,101452.07,580.38
Kreul,575,516,170281.34,76491.82,296.14
Живопись-гуашь-наборы,970,862,166747.84,74727.33,171.9
сер.2,48,42,16921.2,6589.53,352.52
"растительный зеленый (цв.№552)\"",9,8,1617.0,912.37,179.67
Кисти-Акварель- Щетина,3365,3040,94982.93,44072.31,28.23
Кисти-Универсальные-Коза,787,718,17864.43,8308.45,22.7
"медь (цв.№964)\"",293,265,27865.29,12299.59,95.1
"светло желтый хром\"",59,52,5271.83,2360.82,89.35
z-Уценка группы 15.12.2009г. Декоративные-вывод,482,429,41799.77,18989.54,86.72
d:6,14,12,2780.0,1114.15,198.57
"медь (цв.№200)\"",151,131,28593.14,12744.73,189.36
"зелёная бирюза (цв.№28)\"",13,11,2094.96,759.79,161.15
"медно-красный (цв.№12)\"",15,11,2440.0,845.29,162.67
5кг,417,377,65846.88,32429.2,157.91
"красная (цв.№7641-0\"",8,6,3570.0,1778.87,446.25
"фиолетовая (цв.№764\"",8,6,3525.38,913.5,440.67
Гипс-Геометрические фигуры,338,311,146806.8,68078.17,434.34
Кисти-Универсальные-Колонок,2747,2458,284286.1,126116.65,103.49
"желтый неаполитанский (№635)\"",14,13,4601.0,2279.0,328.64
Живопись-темпера Таир,1113,992,138511.56,61454.09,124.45
ДПИ-Направления-Дерево-инструменты,1023,933,598036.53,274180.39,584.59
"оливковый земляной\"",50,45,2634.73,1164.6,52.69
"ДПИ-Трафареты-Мотивы, трафареты",2164,1956,258497.86,120230.94,119.45
"туба 46мл сер.1 жёлтый неаполитанск (им.)(цв.№209)\"",233,206,21928.72,9744.0,94.11
"туба 46мл сер.1 изумрудно-зелёный (цв.№713)\"",267,239,20746.67,9540.53,77.7
Основы-холст на подрамнике-Студенческий-Смешанный,1397,1265,449605.99,201239.03,321.84
"серебро темное (цв.№962)\"",433,388,47994.8,21823.33,110.84
ДПИ-Кракелюр,582,515,136591.33,59217.14,234.69
ДПИ-Направления-Граффити-краски,4490,3996,1270139.32,568996.29,282.88
"жёлтый прочный темный (цв.№114)\"",22,20,4709.25,2058.76,214.06
"марс черный (цв.№540)\"",40,37,8476.05,3627.6,211.9
Черчение-Угольники,1460,1318,120467.26,55703.25,82.51
"сепия (№617)\"",17,16,468.6,224.72,27.56
"белила титановые (цв.№018)\"",240,222,56870.59,27756.27,236.96
"синий турецкий\"",39,34,2418.75,1087.01,62.02
"желто-зеленый оливковый\"",48,44,2930.0,1460.2,61.04
"хром зеленый\"",111,105,6817.6,3241.09,61.42
"бледно-зеленый\"",119,106,5511.7,2420.72,46.32
"зеленый (цв.№534)\"",31,28,7277.13,3240.95,234.75
"турецкая голубая (цв.№050)\"",23,18,7108.91,2560.85,309.08
Живопись-Акрил-Наборы-Студия,1102,997,274112.33,124450.4,248.74
"вишневый (цв.№031)\"",41,37,2916.5,1332.09,71.13
Живопись-Акрил декоративный - Декор металлик Гамма,1399,1249,180029.92,80568.24,128.68
"\"\"Холст\"\"\"",775,693,108811.75,48403.89,140.4
"черная железоокисная\"",147,139,10703.75,4930.87,72.81
"салатовый\"",219,195,15275.29,6978.88,69.75
"зелёный-оригинальный (цв.№719)\"",54,53,1719.38,812.71,31.84
"белила титановые (цв.№ 102)\"",39,37,28315.04,14299.69,726.03
Литература-Архитектура-Учебные руководства,366,331,132246.02,56751.8,361.33
ДПИ-Направления-Декупаж-Клей,589,530,155322.5,69728.43,263.71
флуоресцентный,960,856,212895.4,94632.52,221.77
ВС акварель основные,86,79,20751.03,9803.9,241.29
"синий основной циан (цв.№400)\"",31,29,4715.0,2262.31,152.1
"тропическая зелень\"",6,6,950.6,436.57,158.43
Черчение-Рапидографы-Тушь,848,766,332039.2,148042.62,391.56
Инструменты-линогравюра-Резаки по линолеуму,211,192,24264.03,11182.7,115.0
"кадмий темный\"",43,36,1488.4,615.69,34.61
"синий фтал\"",29,23,1598.3,390.03,55.11
"зеленая трава\"",56,48,2049.72,876.58,36.6
"ржавчина\"",21,19,765.55,388.09,36.45
"кадмий красный средний\"",68,58,4056.14,1629.94,59.65
"бордовый (цв.№165)\"",26,25,8560.47,4471.79,329.25
z-Краска восковая Encausto Ferrario,83,72,33787.33,15675.03,407.08
"желтая темная\"",99,89,5516.39,2469.2,55.72
COPIC Markers,2384,2161,633466.68,285353.82,265.72
ДПИ-Направления-Стекло-шаблоны трафареты,152,141,19692.04,9153.22,129.55
"\"ТПК \"\"Пчелка\"\"\"",194,183,7324.25,3551.59,37.75
"золото античное (цв.№981)\"",192,179,26096.1,12183.82,135.92
"марс фиолетовый\"",65,57,3151.79,1471.89,48.49
"коричневый (цв.№ 17)\"",14,12,9907.2,3564.3,707.66
"сиена жжёная (цв.№ 16)\"",11,10,9011.2,4225.2,819.2
"Мебель, оборудование-Манекены",478,433,241870.14,111081.73,506.0
"жёлтый кислотный (цв.№59)\"",6,6,3656.4,2019.86,609.4
"королевский голубой (цв.№64)\"",3,3,1848.0,811.4,616.0
"красный (цв.№ 28)\"",23,22,7846.4,3827.88,341.15
"сочный зелёный (цв.№ 40)\"",23,20,7872.0,3351.09,342.26
"ультрамарин (цв.№10)\"",26,21,11238.24,4144.15,432.24
"темно-коричневая (цв.№ 619)\"",10,7,4735.52,1582.78,473.55
"кадмий лимонный\"",70,59,3370.0,1360.37,48.14
"соломенно-желтый\"",16,16,735.07,384.0,45.94
"ярко красный\"",26,25,1189.22,562.48,45.74
"розовый телесный\"",84,76,3118.98,1420.02,37.13
"багряный\"",22,22,922.2,479.14,41.92
"красно фиолетовый\"",14,11,553.9,237.19,39.56
"фиолетовый светлый\"",118,108,4400.35,2063.85,37.29
"кобальт синий\"",256,236,20082.24,9178.54,78.45
"небесно-голубой\"",57,50,1855.93,840.24,32.56
"зеленый можжевеловый\"",74,60,3185.67,1244.24,43.05
"зеленый мох\"",25,23,1012.32,506.34,40.49
"кармин жженый\"",100,93,5392.7,2249.99,53.93
"кадмий тёмно-жёлтый (имитация) (цв.№ 09)\"",16,14,5396.4,2106.11,337.28
"кобальт светло-синий (имитация) (цв.№ 25)\"",15,10,3786.81,1940.47,252.45
"кобальт тёмно-синий (имитация) (цв.№ 26)\"",24,22,3776.89,1725.84,157.37
"умбра жжёная (цв.№ 46)\"",12,11,3300.01,1716.13,275.0
"крем\"",88,78,4219.06,1895.51,47.94
"светло желтый\"",75,65,4111.34,1838.68,54.82
"гераниевый палевый\"",22,21,1355.2,751.12,61.6
"маджента\"",237,209,11811.07,5321.32,49.84
"голубой турецкий\"",19,17,1141.6,492.61,60.08
"красный скарлет темный\"",97,86,5119.35,2205.52,52.78
"серый холодный 2\"",67,55,3409.58,1382.9,50.89
"серый холодный 6\"",89,82,5059.51,2264.24,56.85
"серый теплый 3\"",59,48,3014.7,1222.25,51.1
"хром оксид зеленый\"",24,22,1370.8,653.09,57.12
"серебряный\"",109,102,15198.6,6804.33,139.44
"туба 46мл сер.1 умбра жжёная (цв.№408)\"",293,266,28734.77,12197.41,98.07
z-Журналы 2008 неликвиды,724,650,129103.64,57883.27,178.32
Мольберты-Настольные,348,312,516751.27,232668.75,1484.92
Бумага-разная-офортная,162,142,77798.45,30106.26,480.24
ДПИ-Направления-Граффити-кепсы,542,483,19071.3,8468.02,35.19
3мм,380,342,20361.45,8804.45,53.58
Литература-Практические руководства по живописи и рисунку-Натюрморт/пейзаж,884,803,190630.41,86489.14,215.65
"кармин (имитация) (цв.№330)\"",2,2,265.65,111.82,132.83
регулир.,40,34,155910.4,60581.66,3897.76
"туба 46мл сер.1 капут-мортуум (цв.№604)\"",235,219,21755.33,10175.6,92.58
"зеленый изумрудный (цв.№356)\"",38,32,7313.45,2914.58,192.46
d:0,570,527,48240.22,21073.73,84.63
Основы-холст на подрамнике-Студенческий-Хлопок,705,637,290955.91,126775.99,412.7
регулируемый,195,178,491059.0,230896.28,2518.25
"5см\"",68,60,7118.0,3279.08,104.68
"зелёная(цв.№519)\"",20,17,397.75,143.78,19.89
"чёрный карельский (цв.№702)\"",30,28,1008.35,475.88,33.61
Сумки-Тубусы,365,329,115028.16,51864.99,315.15
"пастель умбра натуральная (цв.№493)\"",21,20,9211.78,4380.55,438.66
Литература- Материалы и техники-Батик,51,48,14086.3,6915.97,276.2
"джинсовый голубой (цв.№094)\"",5,5,2016.5,1093.69,403.3
"изумрудный (цв.№720)\"",76,72,3059.9,1475.13,40.26
"кадмий жёлтый средний (цв.№201)\"",225,201,10014.54,4517.24,44.51
"черный (цв.№810)\"",234,211,24353.72,10374.24,104.08
"шелковисто-глянцевый\"",27,26,3843.75,1957.31,142.36
"розовый (цв.№322)\"",72,66,5519.0,2892.28,76.65
"черная (цв.№530)\"",58,54,21618.23,10834.71,372.73
"умбра жженая (цв. E29)\"",13,12,3448.05,1816.64,265.23
"белый/зеленый/розовый\"",503,460,6882.8,3143.93,13.68
"индиго (цв.№516)\"",225,203,8099.0,3641.57,36.0
"кармин (цв.№319)\"",64,57,13229.4,1815.23,206.71
"умбра жжёная (цв.№408)\"",122,111,5365.68,2487.51,43.98
"оранжевы\"",41,37,3612.4,1708.91,88.11
"h:50мм\"",12,9,1778.85,657.86,148.24
Cappeletto,18,16,73834.04,34587.94,4101.89
"Мебель, оборудование-Специальное",72,64,136967.8,60281.0,1902.33
"синий (цв.№41)\"",196,179,5869.0,2694.95,29.94
"лак синий (цв.№510)\"",152,139,4752.8,2216.76,31.27
"зеленый желчный (цв.№358)\"",51,47,11446.48,4890.43,224.44
"небесно-голубой (цв.№366)\"",17,14,5512.03,2007.4,324.24
"охра желтая светлая\"",68,62,3900.25,1735.97,57.36
"карминовый (цв.№319)\"",134,119,6097.15,2415.61,45.5
"зеленый оливковый перманентный\"",26,23,401.7,201.13,15.45
"карминовый (цв.№166)\"",20,18,6176.24,3011.19,308.81
ДПИ-Направления-Ткань-Мотивы,51,47,24401.2,11688.1,478.45
"3.4х2.2х0.7см\"",868,792,7881.44,3793.45,9.08
d:3мм,153,136,25237.4,11551.1,164.95
макс. круг 200мм,56,51,16149.85,7091.49,288.39
Кисти-Акварель-Коза,291,262,2637.19,1234.35,9.06
"Литература- Материалы и техники-Мозаика, смальта",91,82,41677.17,19563.31,457.99
"синяя смальта\"",189,171,13026.55,5776.55,68.92
"огненно-зеленый\"",102,92,7115.22,3242.46,69.76
"теплый серый\"",205,182,14727.05,6557.55,71.84
"краплак\"",115,100,6511.8,3126.02,56.62
"сепия (цв.№617)\"",64,58,1896.08,851.23,29.63
"черный (цв.№265)\"",30,26,7745.75,3253.84,258.19
Основы-Ткань для вышивки/росписи,99,88,54109.55,23919.64,546.56
мягкая,35,33,2655.8,1217.94,75.88
"серо-голубой\"",98,90,4205.97,1875.27,42.92
d:0.75мм,98,94,5087.46,2508.09,51.91
Avantre,84,78,2974.3,1397.61,35.41
"синий светлый\"",30,27,1064.05,509.11,35.47
"белый (цв.№001)\"",31,30,7371.24,3606.37,237.78
"белый (№005)\"",11,10,2168.6,1046.37,197.15
регул.колесо,66,61,33949.5,16306.5,514.39
"зеленый светлый (цв.№717)\"",95,88,3817.7,1744.63,40.19
"сиена натуральная (цв.№31)\"",6,4,1896.44,670.42,316.07
"умбра натуральная (№247)\"",21,18,3967.0,1881.43,188.9
фиолетовый,114,104,12916.8,5567.34,113.31
"макс.круг 340мм\"",20,16,13608.0,5465.71,680.4
"жёлтый лимон (цв.№3)\"",21,19,7190.0,2944.98,342.38
"средний жёлтый (цв.№5)\"",21,20,3429.6,1816.88,163.31
"неапол. желтый светлый (цв.№03)\"",5,4,1749.27,588.56,349.85
розовый,120,108,9973.78,4457.97,83.11
шоколад,20,18,1831.53,784.95,91.58
Кисти-Масло-Наборы,132,117,58613.6,26808.21,444.04
"алый (№571)\"",19,19,5119.0,2382.79,269.42
"охра желтая (№663)\"",15,14,2889.0,1335.5,192.6
"№24\"",8,7,4392.65,1970.53,549.08
"зеленый светлый (цв.№311)\"",23,20,2809.3,1339.29,122.14
"английский красный (цв.№207)\"",30,29,601.99,275.01,20.07
"окись хрома (цв.№509)\"",74,68,1488.63,717.25,20.12
"желтый бледный (цв. Y11)\"",6,6,1960.0,1123.29,326.67
"фиолетовый (цв.№522)\"",6,4,1778.4,634.72,296.4
BOOM,170,155,9219.65,4294.59,54.23
"земля кассел (цв.№490)\"",16,14,3110.45,1261.85,194.4
"охра Неаполитанская темная\"",26,19,1333.04,438.74,51.27
236г.,38,31,39978.9,15811.29,1052.08
6мм,68,62,5737.95,2662.83,84.38
"картон.уп\"",21,18,12338.6,5115.04,587.55
"кобальт турецкий\"",72,62,3947.04,1716.4,54.82
"светлый розовый (цв. RV21)\"",7,7,2130.0,914.88,304.29
"серый (цв.№700)\"",69,60,1597.33,767.52,23.15
"желтый сахара (цв.№194)\"",16,15,2597.18,985.61,162.32
"коричневый ВанДик\"",28,25,1007.2,439.93,35.97
банка 65мл,30,29,7221.01,3557.9,240.7
соломенный,29,29,2402.99,1163.83,82.86
"фиолетовый (цв.№443)\"",22,20,2381.55,1101.55,108.25
"резеда (\"",40,39,4490.55,2221.73,112.26
"кобальт голубой (№110)\"",9,7,1795.0,829.54,199.44
"красная светлая\"",48,45,2835.0,1385.15,59.06
"сепия (цв. E37)\"",8,7,2348.05,876.23,293.51
"киноварь светло-зелёный (имитация) (.№32)\"",24,23,4500.6,2004.65,187.53
глянцевый,168,151,48533.37,22252.85,288.89
"зелено-оливковый\"",105,90,7246.03,2979.72,69.01
Winsor&Newton,352,310,89096.82,38935.84,253.12
"4мм №74159\"",7,6,77420.0,22425.21,11060.0
"эффект хрома (цв.№34)\"",90,79,43710.25,19966.34,485.67
"охра красная (цв.№309)\"",79,70,2961.03,1341.02,37.48
"зеленая темная\"",47,46,3082.5,1534.3,65.59
каштан,24,23,2588.4,1122.64,107.85
"фиолетово-голубой\"",28,28,1368.3,685.42,48.87
"сладкий розовый (цв.№456)\"",18,13,3212.2,1327.06,178.46
"красный средний (цв.№12)\"",6,6,7772.82,3457.05,1295.47
"кадмий красный светлый (№505)\"",12,11,2705.0,1294.58,225.42
"свинец (цв.№42771)\"",18,16,3561.8,1561.36,197.88
"серебрян\"",32,31,2903.7,1409.57,90.74
"жёлтый средний (цв.№05)\"",3,3,5950.0,2710.59,1983.33
z-Прочие ВС вывод,13,12,2512.75,1246.93,193.29
"серый (ц\"",21,20,1843.7,855.54,87.8
ДПИ-Направления-Декупаж-наборы,11,10,7683.5,3026.12,698.5
"обычный светло-синий (цв.№394)\"",32,30,7177.2,3391.98,224.29
от паров бензина,12,11,1352.26,534.09,112.69
z-Уголь вывод,3,3,210.38,94.03,70.13
"Подрамники, рамы-рамы-окрашенные без стекла",172,151,67320.1,31816.81,391.4
"флуоресцентный розовый (цв.№26)\"",25,24,10108.13,4613.78,404.33
"370шт.\"",25,24,3754.78,1789.7,150.19
"розово-золотой (цв.№306)\"",21,19,1694.51,810.12,80.69
"пастель сочная зелень (цв.№358)\"",8,6,1525.87,584.56,190.73
"зеленый (цв.№ 587)\"",8,7,1143.43,553.96,142.93
графитовые мелки,48,44,83996.5,37825.53,1749.93
Литература- Материалы и техники-Ткань,60,56,24607.75,11415.29,410.13
"оксид коричневый\"",7,6,1991.44,811.1,284.49
"бесцветный (цв.№010) (разбавитель)\"",5,4,725.71,261.05,145.14
самоклеющаяся,6,6,1031.8,493.61,171.97
"серебрянный (цв.№33)\"",46,42,16268.78,7363.94,353.67
"роза (цв.№7641-08)\"",7,6,2030.44,897.18,290.06
"яркое золото (цв.№148)\"",37,33,5301.23,2321.93,143.28
"неаполитанский светло-жёлтый (цв.№2)\"",17,17,2155.06,1050.37,126.77
"средний фуксин (цв.№441)\"",9,9,1095.15,489.44,121.68
"зеленый хлорофил (цв.№ 38)\"",5,5,651.44,360.99,130.29
"мягкий зелёный (цв.№490)\"",11,11,1529.69,835.18,139.06
1400х650х500 нерегулируемый,6,5,9592.4,3563.43,1598.73
"имераторский пурпур\"",40,36,1210.19,536.73,30.25
"голубой основной (цв.№523)\"",2,2,188.01,96.21,94.01
фонари,24,22,4734.86,2168.19,197.29
"черный (цв.№473/073)\"",48,42,3172.41,1300.15,66.09
"прусская лазурь\"",37,35,1155.31,521.66,31.22
"голубой светлый(цв.№ 32)\"",6,6,799.68,470.9,133.28
"кармин\"",48,40,4854.56,1521.96,101.14
Спектр МГП,14,13,2622.46,780.69,187.32
"зеленый (цв.№414)\"",2,2,371.1,173.65,185.55
"черный насыщенный (цв.№335)\"",6,5,561.0,214.78,93.5
"флуоресцентный желтый (цв.№25)\"",23,21,8237.2,3590.54,358.14
"желтый (цв.№007)\"",2,2,457.4,214.27,228.7
золотисто-зеленый,25,24,1936.19,921.17,77.45
"пурпурная\"",25,23,647.5,329.93,25.9
"№2\"",127,113,5180.0,2345.4,40.79
"№0\"",36,35,1990.0,860.84,55.28
"метал.фольг\"",2,2,902.2,324.51,451.1
1250х620х500 нерегулируемый,5,5,7744.0,4024.53,1548.8
"тёмно-розовый (цв.№18)\"",18,18,2163.6,994.78,120.2
"линейка)\"",28,26,75542.9,33128.51,2697.96
"№11\"",37,33,9590.7,4535.66,259.21
"d:0.70мм\"",24,22,7115.15,3129.05,296.46
"остаточный розовый (цв.№440)\"",11,10,1393.0,672.06,126.64
Кисти-Специальные-Губка натуральная,2,1,170.0,31.63,85.0
Stabilo,5,5,3810.0,2096.97,762.0
"фиолетовый (цв.№ 407)\"",8,6,2730.2,929.99,341.28
Графические материалы-маркеры-вывод,14,12,3210.0,1417.89,229.29
"кобальт светлый (цв.№181)\"",1,1,116.5,45.3,116.5
"жженая кость (цв.№331)\"",5,5,911.2,440.51,182.24
"белила свинцово-цинков. (аналог) (цв.№242)\"",2,1,486.0,167.28,243.0
"4мм №76873\"",5,5,26835.0,14979.72,5367.0
уголь прессованный,15,15,3900.0,1844.04,260.0
0.3мм,16,15,5835.0,2826.03,364.69
"под сосну\"",15,14,641.0,295.69,42.73
"под светлый орех\"",2,2,180.0,109.8,90.0
стулья,19,15,2259.2,873.93,118.91
"черный (цв.№20)\"",5,4,1016.5,509.8,203.3
"желто-зеленый(цв.№014)\"",1,1,196.35,116.03,196.35
"белила титановые (цв.№644)\"",2,2,486.0,283.63,243.0
"бирюза (цв.№050)\"",6,5,822.35,395.87,137.06
"зеленое яблоко (цв.№496)\"",8,8,1244.0,599.28,155.5
"сепия жженая\"",62,58,3107.25,1476.77,50.12
"синий циан (цв.№400)\"",13,11,2700.74,1109.67,207.75
"золото (цв.№16)\"",5,4,625.0,245.43,125.0
2кисти,2,2,5400.0,3185.64,2700.0
"бронза (№05)\"",5,4,940.5,436.75,188.1
"фтал зеленый темный\"",14,12,586.0,264.83,41.86
"бирюза (турецкий голубой) (цв.№430)\"",22,21,4206.5,2045.59,191.2
"оранжево-желтый (цв.№136)\"",48,42,888.15,389.97,18.5
"черный карельский (цв.№702)\"",78,69,2006.19,920.84,25.72
"малиновый (№512)\"",6,5,809.2,293.83,134.87
"оранжевый (цв.№105)\"",6,6,1563.1,708.27,260.52
"(цв.№045) коричневый темный\"",17,15,996.0,433.04,58.59
"светло-каштановый (цв.№111)\"",15,14,3550.8,1861.29,236.72
"ржавчина (№22)\"",4,4,738.0,305.79,184.5
Hansa,13,12,54950.0,25985.49,4226.92
"синий т\"",14,10,1041.2,411.52,74.37
"золото (№03)\"",5,4,912.0,434.74,182.4
"алый лак (№603)\"",1,1,183.0,125.63,183.0
"зеленый кислотный (цв. YG07)\"",8,7,1608.05,683.48,201.01
"белый молочный (цв. E51)\"",9,9,2558.05,1259.23,284.23
Blattmetall GmbH & Co KG,14,12,3495.75,1479.69,249.7
"сепия Римская\"",30,25,1314.1,501.09,43.8
"тёмно-зе\"",15,15,1136.75,597.64,75.78
"голубой детский (цв. B21)\"",8,7,1790.0,852.67,223.75
"серо-зеленый (цв. G85)\"",10,8,2970.0,1311.95,297.0
"фиолетовый мягкий\"",24,23,741.65,370.18,30.9
"темно-зеленый (№07)\"",5,4,925.0,430.58,185.0
"серый нейтральный (цв. N3)\"",9,7,1809.0,744.63,201.0
"белый (цв.№49701)\"",15,13,1157.5,513.72,77.17
"венецианский красный (№583)\"",2,2,272.0,182.63,136.0
"зеленый перечная мята(цв.№ 42)\"",5,5,680.0,353.63,136.0
"оранжевый хром (цв. YR04)\"",11,10,2208.0,1001.85,200.73
"голубой морской (цв. BG49)\"",7,7,1380.0,718.61,197.14
"серо-голубой (цв. B45)\"",8,7,1800.0,794.66,225.0
Чашки кофе,660,602,52209.35,23955.49,79.11
"сиена жженая (№221)\"",12,12,2201.0,1064.75,183.42
"средний зеленый (цв.№561)\"",12,12,1558.3,783.53,129.86
"зеленый яблочный (цв. G14)\"",6,5,1170.0,545.58,195.0
"маджента(цв.№007)\"",1,1,196.35,102.37,196.35
"коричневый \"\"Гавана\"\"\"",6,5,581.8,187.26,96.97
"под дерево\"",20,18,924.2,388.61,46.21
"зеленый нефрит (цв. G00)\"",5,5,990.0,474.68,198.0
"хром оксид зеленый яркий\"",10,9,417.9,177.96,41.79
"белила цикловые(цв.№01)\"",3,3,441.03,249.2,147.01
"ультрамарин (цв.№ 25)\"",3,3,2550.0,1463.87,850.0
"зеленый бриллиантовый (цв.№046)\"",3,3,241.9,128.88,80.63
"перламутровый черный(цв.№15/Р)\"",1,0,182.0,,182.0
"матовый голубой турецкий(цв.№08/С)\"",4,3,536.0,296.35,134.0
"зеленый ФЦ (цв.№321)\"",6,5,1170.0,429.33,195.0
"синий стойкий\"",8,8,2336.0,1118.36,292.0
"картон.упак\"",1,1,2499.97,1041.08,2499.97
"светло-красный (цв.№ 11)\"",3,2,2550.0,744.71,850.0
"коричневый ван дик (цв.№48)\"",1,1,850.0,524.13,850.0
"краплак коричневый (цв.№056)\"",5,5,830.0,435.52,166.0
10л,2,1,158.0,19.3,79.0
Кисти-Специальные-Каучук,23,21,8782.15,4012.01,381.83
"зеленый ФЦ (цв.№361)\"",1,1,0.0,0.0,0.0
сопло 0,3,3,18645.5,7895.5,6215.17
Бумага акварель-рулоны-профи,5,4,24030.1,8580.68,4806.02
"серебро (цв.№49713)\"",11,11,921.1,410.86,83.74
"пустой\"",5,4,1113.75,498.84,222.75
"желто-коричневый (цв.№ 591)\"",5,5,735.0,393.52,147.0
"медь (цв.№49715)\"",12,10,915.65,367.18,76.3
"фиолетовый(цв.№009)\"",3,3,501.7,198.89,167.23
"ультрамарин (цв.№504)\"",1,1,0.0,0.0,0.0
"розовый шокирующий (цв. RV04)\"",5,3,990.0,337.93,198.0
"коробка из красно\"",2,2,31395.0,15227.29,15697.5
z-Уценка группы 15.12.2009г. Детали для макетов-вывод,2,2,220.5,71.64,110.25
"салатовый\"",1,1,36.0,13.5,36.0
Кисти-Масло-Синтетика,24405,21907,2102178.52,941226.76,86.14
Бумага пастель-листы-студия,11870,10693,496276.89,223287.42,41.81
"Бумага дизайнерская-тутовая 25г/кв.м, 650х950мм - 17 арт.",409,368,45153.16,19639.36,110.4
ЗХК,77998,70271,1.101367173E7,4970760.76,141.2
Бумага-Картон-тонированный,1944,1758,88367.14,39159.08,45.46
Гамма,19163,17331,1889976.3,857073.08,98.63
"киноварь зелёный светлый (цв.№286)\"",29,25,4661.19,2039.59,160.73
"Графические материалы-тушь-тубы, банки",4500,4055,175319.38,78924.57,38.96
нерегулируемый,60,54,332632.08,125473.11,5543.87
№4/6-плоск.,232,198,45517.09,19083.08,196.19
Бумага акварель-листы-студия,1204,1064,170965.77,73745.65,142.0
"хром лимонный (№627)\"",10,9,2993.0,1452.95,299.3
"ДПИ-Направления-Мозаика, смальта-инструменты",186,171,62503.4,29101.94,336.04
ДПИ-Направления-Батик-инструменты,645,581,91399.81,40837.88,141.71
"ДПИ-Клей-Карандаши, липучка",1745,1581,254915.96,114861.33,146.08
"оливковый\"",308,273,79928.4,35618.05,259.51
"золото ацтеков (цв.№968)\"",346,312,37599.69,17002.87,108.67
"ВС золочение основные, клей",413,363,173878.89,75022.2,421.01
"серебряный (цв.№966)\"",113,103,7483.69,3313.63,66.23
"Золочение и реставрация-патинирование, краска",326,307,74730.51,35388.52,229.23
z-Lefranc&Bourgeois,385,345,190133.23,83522.4,493.85
цв.№101(мягк.,64,57,10293.5,4732.09,160.84
d:2.8мм,86,73,7749.7,3278.53,90.11
"медь\"",223,202,21697.88,9876.9,97.3
"синий металлик\"",64,61,4402.0,2105.56,68.78
"\"\"Часики\"\" пластм.упаковка\"",117,114,8606.81,4083.49,73.56
Графические материалы-инструменты-точилки,3377,3051,185270.1,82764.11,54.86
"телесный\"",324,292,69174.5,32156.52,213.5
"желтая (цв.№7641-02\"",10,9,4095.09,1285.29,409.51
"0.8мм\"",37,28,3433.0,1292.24,92.78
"бежевый (№577)\"",20,17,4109.44,1298.05,205.47
"ультрамарин (цв.№ 24)\"",23,23,5172.12,2406.85,224.87
"№1-12\"",461,422,96889.91,45529.24,210.17
Графические материалы-чернографитовые-наборы,1197,1068,437190.12,201166.96,365.24
ДПИ-Основа для росписи,3080,2761,632522.72,284457.92,205.36
ВС масло основные,237,212,88105.37,38429.27,371.75
"матовый\"",27,25,11575.1,4839.48,428.71
"светлое золото (цв.№137)\"",78,68,61434.45,10045.38,787.62
"тёмное золото (цв.№151)\"",46,42,18686.8,8580.93,406.23
"красный  (цв.№331)\"",83,74,4065.6,1682.7,48.98
"ярко-кра\"",35,35,6086.3,3055.18,173.89
"коньячны\"",39,34,3476.13,1659.04,89.13
"ВС акрил пасты, гели, присадки для эффектов",567,509,117901.23,51447.62,207.94
"карминный (цв.№ 6)\"",18,15,10798.08,4119.47,599.89
Упаковка,666,608,40783.9,18361.65,61.24
"жёлто-зелёный (цв.№718)\"",110,103,3804.76,1818.24,34.59
"шахназарская красный (цв.№311)\"",68,62,1950.92,887.86,28.69
"умбра жженая (цв.№076)\"",4,3,1373.75,768.38,343.44
"бистре\"",77,68,5129.3,2240.7,66.61
"сепия\"",613,543,69173.63,29995.83,112.84
"бледно-оранжевый\"",112,101,5464.2,2416.18,48.79
Графические материалы-инструменты-растушевки,1042,935,100078.84,45058.04,96.04
"фиолетовый (цв.№ 450)\"",71,65,4842.75,2274.76,68.21
"зеленый сок (цв.№599)\"",9,8,3057.25,1462.81,339.69
"карминный\"",136,127,5887.45,2677.4,43.29
"церулеум (цв.№503)\"",220,198,10112.8,4181.58,45.97
"умбра жженая (цв.№35)\"",6,5,1977.29,926.99,329.55
"кадмий желтый\"",63,61,2487.12,1135.76,39.48
"туба 46мл сер.1 сажа газовая (цв.№801)\"",424,377,43713.53,18481.93,103.1
"пластик. упаковка\"",160,142,32208.0,14446.72,201.3
Черчение-Циркули,257,224,45384.85,19519.34,176.59
"ультрамарин (цв.№390)\"",107,90,21309.41,8367.22,199.15
z-Нет поставок больше 6-ти месяцев,7193,6435,373067.3,168087.66,51.87
"сиена (цв.№7994)\"",51,44,35081.1,14409.81,687.86
ДПИ-Краска-Марморирование,1062,957,119790.68,54919.13,112.8
"синий темный\"",73,59,8369.71,3130.2,114.65
"роза жженая\"",10,10,825.8,331.72,82.58
"чернильный синий\"",77,68,4155.41,1861.45,53.97
флакон 80мл,585,534,119607.3,53641.52,204.46
"синий прусский (цв.№34)\"",16,14,7982.08,3860.42,498.88
"ДПИ-ВС-слепки, барельефы",74,68,27424.5,12508.64,370.6
белый,40,36,3781.3,1600.99,94.53
"зелёный морской перламутровый (цв.№ 63)\"",6,5,2640.0,1355.8,440.0
"золотой античный (цв.№ 52)\"",21,20,8382.0,3591.9,399.14
"красный азиатский перламутровый (цв.№60)\"",10,9,3682.8,1757.8,368.28
"виридоновый (цв.№ 515)\"",8,6,4076.6,1401.47,509.58
"пурпурный (цв.№ 316)\"",8,8,4076.6,2145.44,509.58
"императорский пурпурный\"",22,19,830.65,354.41,37.76
"зеленая хвоя\"",20,18,770.3,368.96,38.52
"вандик коричневый\"",28,24,987.42,413.91,35.26
"серо-синий\"",71,66,3432.83,1507.98,48.35
"жженая кость (цв.№ 50)\"",17,14,4887.0,1860.22,287.47
"киноварь темно-зеленый (цв.№ 33)\"",15,13,3695.21,1004.65,246.35
"пурпурно-фиолетовый\"",22,21,1271.4,700.85,57.79
"кобальт бирюзовый светлый\"",52,50,2888.43,1440.38,55.55
"кобальт зеленый темный\"",47,39,2875.4,1217.87,61.18
"фиолетовый маджента\"",24,21,1168.33,511.33,48.68
"зеленый светлый\"",118,108,7216.1,3341.63,61.15
"охра светло-желтая\"",30,25,1689.3,622.3,56.31
"красный глубокий\"",62,51,4337.7,1890.3,69.96
"капут мортум фиолетовый\"",32,27,1851.76,835.57,57.87
"серый теплый 2\"",74,65,3968.64,1675.16,53.63
"туба 46мл сер.1 сиена натуральная (цв.№405)\"",303,272,32454.39,14611.46,107.11
"красный рубиновый (цв.№29)\"",25,20,8481.28,3313.91,339.25
"зеленый фталоцианин (цв.№321)\"",21,19,4084.8,1906.28,194.51
"неаполитанский жёлто-красный (цв.№106)\"",40,37,6194.52,2883.06,154.86
ХМ,366,330,1020938.13,487107.84,2789.45
"темный коричневый (цв.№102)\"",11,11,3721.38,1881.93,338.31
"черный (цв.№881)\"",12,11,3704.4,1328.74,308.7
"медный (цв.№964)\"",88,80,4800.72,2124.17,54.55
"кадмий лимонный (цв.№203)\"",186,169,7564.78,3179.34,40.67
"Канцелярские товары-Кнопки, скрепки",1492,1358,98332.6,44945.99,65.91
"зелёный оксид хрома (цв.№36)\"",16,14,9519.6,3636.31,594.98
"китайский белый (цв.№004)\"",42,37,1597.45,748.33,38.03
"алый\"",28,24,1734.6,838.64,61.95
"пастель сиена натуральная (цв.№161)\"",18,18,4270.0,2176.77,237.22
"зелёный лагуна (цв.№495)\"",8,8,2299.65,1131.35,287.46
Литература-Практические руководства по живописи и рисунку-Масло,522,476,103880.5,47495.0,199.0
"сиена натуральная (цв.№405)\"",168,156,6838.52,3227.82,40.71
"оливково-зеленый желтоватый\"",29,24,2049.7,805.86,70.68
Сумки-Пеналы,691,631,143086.21,65345.64,207.07
"неоновый фиолетовый\"",161,149,7851.0,3612.39,48.76
№1-6,353,316,66797.46,30265.81,189.23
"зеленый веронский (цв.№25)\"",7,7,2874.06,1559.92,410.58
"золото инков (цв.№969)\"",352,320,36441.68,15801.21,103.53
"Бумага-разная-для принтера, копирка",107,95,24588.2,10102.12,229.8
"серый (цв.№96)\"",191,175,6325.16,2939.23,33.12
"золото (цв.№814)\"",92,77,5708.14,2560.59,62.05
"окись хрома (цв.№704)\"",169,155,7505.33,3388.21,44.41
"корица\"",187,164,13295.08,5796.0,71.1
золотой (цв. №04),33,31,7228.8,3489.06,219.05
"холодный серый\"",197,174,13636.23,6022.74,69.22
"золотистый тёмная (цв.№217)\"",115,108,3489.5,1616.79,30.34
анис,56,52,5273.18,2284.79,94.16
"сиена жжёная (цв.№406)\"",179,161,7158.74,3073.39,39.99
"пастель желтый (цв.№116)\"",10,9,2717.91,1124.83,271.79
"тёмно-зелёный (цв.№30)\"",14,13,2736.0,1415.65,195.43
(24цв.),69,62,25738.31,11188.26,373.02
"палитра\"",27,24,58424.83,27023.83,2163.88
"сепия (цв.№413)\"",137,121,5846.1,2645.92,42.67
Инструменты-макетирование-Ножи- круговые,83,69,33236.26,14084.52,400.44
"высокопробное золото (цв.№152)\"",35,31,6203.0,2802.58,177.23
прозрачный,366,325,163774.52,75802.94,447.47
макс. круг 360мм,44,39,25063.6,11315.2,569.63
"мет. кор.золото\"",42,36,7360.61,3237.83,175.25
"d:7.5мм\"",829,746,27749.49,12397.52,33.47
кейс из плотного картона,35,33,73990.0,36382.05,2114.0
укрывистый,334,305,77909.07,35609.76,233.26
"\"ОАО \"\"Белгородский АЗ\"\"\"",79,74,26570.94,12521.19,336.34
Литература-Практические руководства по живописи и рисунку-Акрил,343,310,90127.25,39537.96,262.76
"белила быстросохнущие (цв.№ 026)\"",35,32,6217.25,2875.51,177.64
"охра золотистая (цв.№ 41)\"",17,17,3366.22,1465.44,198.01
"красный марс (цв.№43)\"",16,16,2968.8,1549.87,185.55
"белый (цв.№010)\"",99,88,23750.4,11361.53,239.9
"розовый темный (цв. RV34)\"",7,7,2150.0,1052.47,307.14
Живопись-акварель-тубы/кюветы,365,341,97970.15,46069.14,268.41
"кобальт синий темный (цв.№19)\"",4,4,1602.42,603.44,400.61
"охра желтая светлая(цв.№29)\"",5,5,1749.27,906.05,349.85
"умбра натуральная (цв.№34)\"",6,5,1896.44,827.19,316.07
ярко-желтый,33,32,2869.9,1431.12,86.97
Гипс-Детали архитектуры,16,15,26150.25,12882.79,1634.39
мрамор,109,100,47552.6,21345.68,436.26
Инструменты-макетирование-Ножи,45,43,8410.39,3983.74,186.9
"синий ФЦ (цв.№095)\"",9,8,1708.0,750.85,189.78
"вишневый светлый (цв. RV06)\"",5,5,1750.0,992.23,350.0
"серый холодный (цв. C4)\"",12,10,3960.0,1578.39,330.0
"d:1-5мм\"",26,21,3593.5,1261.04,138.21
"золото (цв.№42772)\"",24,23,4285.6,2066.27,178.57
"пласт.упак.\"",96,92,45343.5,21761.88,472.33
"холодный серый (цв.№510)\"",27,25,6945.5,3422.29,257.24
"желтый базовый (цв.№05)\"",3,3,977.62,406.04,325.87
"королевский голубой св.(цв.№23)\"",4,4,1124.63,527.43,281.16
"синий прусский (цв.№17)\"",3,2,977.62,284.95,325.87
"белый-наполнитель (цв.№ 579)\"",30,29,5689.55,2701.91,189.65
"изумрудная\"",84,74,5728.75,2629.73,68.2
"голубой чирок (цв. BG18)\"",6,5,1940.0,718.04,323.33
"кадмий красный глубокий (цв.№232)\"",15,14,2862.09,1395.5,190.81
медный (цв. №06),24,21,5810.0,2500.75,242.08
"корпус цветной d:3\"",210,190,28877.7,12374.06,137.51
"кисть; дерев.упаковка(бук)\"",53,49,109168.25,52334.74,2059.78
"розовый пастельный (цв. YR00)\"",8,8,3850.0,1834.38,481.25
"сиреневый бледный (цв. V12)\"",4,3,2500.0,880.46,625.0
"220г/кв.м белый\"",37,37,12963.0,5543.63,350.35
"Литература-Дизайн-Графический, рекламный и digital дизайн",111,99,69100.27,29998.42,622.52
"ВС акварель пасты, присадки для эффектов",17,16,4200.65,1968.14,247.1
"золотисто коричневый\"",22,19,908.64,381.6,41.3
"золото \"\"Цехин\"\" (цв.№152)\"",104,90,22610.8,10207.97,217.41
синт.ткань,30,27,10385.5,4948.46,346.18
"Литература- Материалы и техники-Игрушки, куклы",80,68,30671.0,13669.01,383.39
"земля сиены натуральная (цв.№161)\"",20,20,2975.99,1339.13,148.8
"кобальт фиолетовый имит.(цв.№448)\"",29,23,4433.24,1720.13,152.87
"жёлтый лимонный (цв.№100)\"",19,15,2404.0,941.46,126.53
"охра жёлтая (цв.№131)\"",54,48,8751.0,3792.07,162.06
"фиолетовый прочный синеватый (цв.№463)\"",26,21,3870.57,1607.51,148.87
"темно-желтый хром\"",77,67,6545.8,2905.4,85.01
"черная слоновая кость (цв.№ 50)\"",6,6,10166.32,5322.13,1694.39
"натертая медь\"",22,19,14128.5,5812.05,642.2
"оранжевый (цв.№191)\"",62,53,2533.34,1059.9,40.86
"бесцветный глянцев\"",45,37,6787.4,2896.41,150.83
"голубой (цв.№090)\"",52,48,3629.58,1639.38,69.8
"Мебель, оборудование-Столы, стулья",71,67,138971.45,64740.98,1957.34
"богатое яркое золото (цв.№30)\"",25,23,18587.25,10284.23,743.49
Мольберты-Лира,114,106,484437.81,215420.91,4249.45
"сиена жжёная (цв.№19)\"",16,13,5513.2,1915.77,344.58
"(цв.№032) красный\"",38,37,2765.24,1399.96,72.77
"d:1-2мм.\"",33,30,25685.5,10123.08,778.35
изд. АСТ,84,71,58197.98,27966.56,692.83
"светло-фиолетовый (цв.№623)\"",13,11,1947.6,680.12,149.82
"матовый желтый лимонный (цв.№02/С)\"",10,10,2229.9,1123.09,222.99
"голубой турецкий (цв.№08)\"",8,8,1704.5,920.95,213.06
"желтый лимонный(цв.№1)\"",6,6,2101.0,939.87,350.17
"красный холодный(цв.№8)\"",4,4,2530.0,1460.86,632.5
"черный глубокий(цв.№25)\"",8,8,2552.0,1507.12,319.0
"коричневый (цв.№45)\"",83,79,2603.93,1212.44,31.37
"кадмий желтый темный (№618)\"",10,10,2456.0,1180.83,245.6
"жёлтый тёмный (цв.№ 6)\"",3,3,5950.0,2273.21,1983.33
"красно-оранжевый (цв.№ 10)\"",1,0,4250.0,,4250.0
"тёмно-зелёный (цв.№ 30)\"",4,3,6800.0,2254.13,1700.0
ДПИ-Направления-Каллиграфия-куранты,31,27,12102.76,5818.64,390.41
"телесный (цв. E21)\"",7,7,2262.15,1125.97,323.16
"железн.упак\"",23,20,10652.4,4096.22,463.15
"жёлто-зелёный (цв.№323)\"",18,15,4040.0,1799.54,224.44
Кисти-Акварель-Пони,321,289,4641.32,1912.35,14.46
Литература-Практические руководства по живописи и рисунку-Восточные техники,89,80,24196.46,11085.54,271.87
Folia Bringmann,44,38,9177.25,4233.82,208.57
"че\"",14,13,599.94,253.0,42.85
"4.7х3.5х1.5\"",62,51,1445.59,633.16,23.32
"оранжевый (цв.№201)\"",12,11,1825.34,793.91,152.11
"(цв.№021) желтый средний\"",58,52,3681.59,1655.38,63.48
"800шт.\"",13,11,1858.76,732.96,142.98
"розовый (цв.№56)\"",10,10,192.43,92.55,19.24
мята,24,21,1635.33,672.88,68.14
серебро,42,38,7091.03,2594.07,168.83
"зеленый прочный темный (цв.№340)\"",21,19,2814.22,1321.33,134.01
"титаново-цинковый белый (цв.№013)\"",15,14,6009.86,3119.66,400.66
"белый (цв.№ 589)\"",16,13,2201.67,964.28,137.6
бирюзовый,70,64,5172.2,2457.93,73.89
"зеленый окись хрома (цв.№542)\"",8,8,1077.3,489.68,134.66
"индийский красный (цв.№317).\"",3,3,379.91,181.5,126.64
"синий прусский (цв.№046)\"",9,9,1256.01,655.31,139.56
"охра (цв.№ 590)\"",14,13,2177.36,1033.41,155.53
"бордовый (цв.№30)\"",20,16,5857.28,2656.65,292.86
кобальт черный,35,30,2795.24,1082.65,79.86
"синий темный (цв.№517)\"",80,72,3180.41,1456.38,39.76
"зелень сочная\"",14,12,480.6,221.54,34.33
"№110\"",7,5,1073.1,365.13,153.3
"благородный бледно-золотой (цв. №03)\"",38,36,8839.84,3953.64,232.63
"фиолетовый (цв.№442)\"",32,29,6340.05,3029.66,198.13
"золото олимпик\"",35,27,1568.38,584.98,44.81
многоцветный,8,7,3451.91,1545.43,431.49
"зеленый менерал\"",52,48,1620.88,730.07,31.17
"№120 (акрил)\"",16,15,4257.12,1952.6,266.07
"красный  пламя (цв.№ 21)\"",8,8,1623.84,869.73,202.98
"синий  средиземноморский (цв.№ 31)\"",8,6,1487.84,583.74,185.98
"воронежский чёрный (цв.№806)\"",93,83,2594.8,1233.65,27.9
"кармин (цв.№479)\"",3,3,696.92,369.21,232.31
"синий ультрамарин светлый (цв.№391)\"",27,23,3500.6,1580.92,129.65
односторонние,18,15,2106.0,846.88,117.0
"розовый  азалия(цв.№ 17)\"",9,7,1346.4,606.09,149.6
"красный огненый (цв.№017)\"",1,1,457.4,314.02,457.4
"№ 42\"",20,19,11636.0,5681.04,581.8
"(цв.№004) гранатовый красный\"",33,29,1970.15,816.89,59.7
"блистер\"",24,22,7120.0,3820.8,296.67
"кармин (цв.№10)\"",4,3,729.2,312.22,182.3
"розовый (цв.№18)\"",4,4,728.8,444.13,182.2
"кадмий оранжевый (цв.№080)\"",20,17,3115.25,1329.25,155.76
"черный(цв.№ 47)\"",12,11,2448.0,1255.88,204.0
"(цв.№539)\"",7,7,1276.8,596.17,182.4
"охра жёлтая (цв.№513)\"",10,9,2188.8,927.83,218.88
Rolco,16,14,5305.0,2474.1,331.56
"серебро (цв.№528)\"",14,14,2726.88,1347.96,194.78
"№24\"",19,17,2780.0,1353.36,146.32
"архитекторы\"\"\"",26,21,3529.82,1361.21,135.76
"фиолетовый светлый (цв.№307)\"",91,82,2365.31,1053.75,25.99
"дерев. упаковка\"",1,0,5350.0,,5350.0
Литература- Материалы и техники-Каллиграфия,18,16,4084.8,1987.94,226.93
"желтый (цв.№116)\"",8,7,1754.97,651.91,219.37
"Подрамники, рамы-рамы-для переноски эскизов",6,6,1865.0,1018.44,310.83
ВС золочение грунты,25,25,9092.22,4698.62,363.69
"медь (№06)\"",7,6,1476.0,527.48,210.86
"черное дерево\"",38,34,432.0,215.23,11.37
"1л.\"",5,4,3040.0,1096.89,608.0
"желтый золотой (цв.№03)\"",6,5,1092.8,444.88,182.13
"бутыли на холсте\"\"\"",4,4,1060.0,457.12,265.0
Золочение и реставрация-Инструменты,20,19,29581.7,13217.13,1479.09
"умбра натуральная (цв.№558)\"",2,2,324.0,163.48,162.0
"индийский желтый темный (цв.№320)\"",2,2,442.62,240.95,221.31
"тёмно-фиолетовый (цв.№20)\"",15,14,1807.2,859.45,120.48
"серебряный (цв.№022)\"",1,1,196.35,81.42,196.35
"серебро  (цв.№42773)\"",24,21,3916.2,1791.92,163.17
"(цв.№041) хаки\"",18,16,1051.05,466.98,58.39
"ван-дик коричневый (цв.№ 47)\"",11,10,1443.81,599.48,131.26
"желтый лимонный(цв.№002)\"",1,1,196.35,68.74,196.35
"кармин розовый\"",39,33,1920.5,828.67,49.24
"небесно-голубой (№24)\"",5,5,940.5,433.71,188.1
"белый(цв.№001)\"",1,1,196.35,124.25,196.35
"оранжевый(цв.№004)\"",1,1,196.35,62.37,196.35
"патиновый синий (цв.№ 416)\"",8,7,2716.6,1212.63,339.58
"голубой ультрамарин (цв.№10)\"",25,22,6221.3,2724.65,248.85
"№109 темно-желтый хром\"",12,11,264.0,133.13,22.0
"слоновая кость (цв.№103)\"",3,3,683.1,349.33,227.7
"зеленый флуоресцентный (цв.№\"",13,13,2002.5,1125.3,154.04
"0.05мм\"",14,11,1540.0,681.15,110.0
"оранжевый (цв.№05)\"",17,15,4299.1,1747.01,252.89
серо-коричневый,24,20,1710.4,706.4,71.27
"бронза (цв.№812)\"",73,63,4418.14,1961.35,60.52
"запасн.гриф.\"",35,33,14912.0,7170.02,426.06
"золотой (цв.№22)\"",3,2,472.0,177.33,157.33
"красный (цв.№49704)\"",15,14,1078.5,500.57,71.9
"винно-красный\"",5,5,484.8,288.82,96.96
"кость жженая (цв.№269)\"",3,3,1164.4,649.89,388.13
"бежевый (№21)\"",5,4,897.96,300.43,179.59
"желтый лютиковый (цв. Y21)\"",5,5,970.0,413.95,194.0
"красный фиолетовый (цв. RV19)\"",6,6,1180.0,601.36,196.67
"зеленая\"",19,17,472.5,190.52,24.87
"синий Антверпен (цв. B37)\"",7,7,1390.0,668.74,198.57
"лаванда (цв.№640)\"",9,8,1593.3,678.82,177.03
"темно-желтый (цв.№ 581)\"",6,6,886.0,429.25,147.67
"бриллиантовый красно-фиолетовый (цв.№050)\"",2,2,346.5,147.66,173.25
"умбра натуральная (цв.№554)\"",3,2,280.5,83.47,93.5
№4/8/12,7,6,3926.1,1702.66,560.87
"книжка 6л\"",3,2,594.0,187.73,198.0
Выпечка,2266,2013,107825.47,48250.2,47.58
"Вода (кока-кола,минеральная), соки",726,653,25998.69,11628.91,35.81
"голубой Нил (цв. BG45)\"",8,6,1590.0,662.48,198.75
"малиновый ализарин\"",10,10,253.0,114.54,25.3
"фиолетовый манжента\"",16,14,751.8,279.94,46.99
"серый холодный (цв. C3)\"",12,12,2368.05,1267.16,197.34
"(цв.№058) синий парижский\"",13,13,765.0,370.12,58.85
46/0,6,5,20524.0,8851.9,3420.67
"жёлто-зелёный (цв.№14)\"",19,18,5237.5,2709.16,275.66
"коричневая кожа (цв. E39)\"",10,10,1988.05,946.73,198.81
"бежевый легкий загар (цв. E13)\"",9,9,1780.0,879.05,197.78
"Ван Дик\"",15,14,608.0,293.61,40.53
"голубой бледный (цв. B32)\"",9,6,2600.0,933.13,288.89
"лавандовый сероватый (цв. BV23)\"",9,7,1790.0,765.99,198.89
"охра желтая (цв.№745)\"",2,2,358.0,163.29,179.0
"НВ\"",39,34,1203.51,533.89,30.86
"умбра жженая (№223)\"",10,10,1400.0,712.86,140.0
"красный яркий (цв.№5\"",2,2,290.5,133.71,145.25
"золото ацтек\"",25,23,1089.9,567.85,43.6
"черный (цв.№ 124)\"",6,5,2001.0,861.84,333.5
"веронский зелёный (цв.№33)\"",8,7,3868.0,1624.06,483.5
"зеленый светлый (цв.№49709)\"",13,12,757.0,369.79,58.23
"матовый зеленый яркий (цв.№06/С)\"",2,2,274.1,126.42,137.05
"весенняя зелень (цв.№544)\"",2,2,309.4,171.42,154.7
"зеленый (цв.№215157)\"",5,5,1217.0,691.79,243.4
"красное вино\"",5,5,2217.6,1046.68,443.52
"глауконитовый зеленый(цв.№510)\"",4,3,89.25,27.52,22.31
"кадмий светло-лимонный (цв.№099)\"",2,2,0.0,0.0,0.0
"лимонный №916\"",1,1,29.0,16.06,29.0
"голубой лед (цв. B12)\"",6,6,1180.0,615.43,196.67
"синий сапфир\"",3,3,960.0,441.17,320.0
"фиолетовый  №312\"",1,1,20.0,10.67,20.0
"зеленый  №902\"",1,1,29.0,10.52,29.0
"кисть; дерев.упаковка\"",21,20,26969.9,12410.14,1284.28
"оранжевый\"",1,1,36.0,16.28,36.0
"кадмий красный темный (цв.№097)\"",2,2,958.0,369.34,479.0
"охра желтая (цв.№17)\"",3,2,1089.0,587.91,363.0
"сиена жженая (цв.№2)\"",2,2,363.0,166.62,181.5
"зеленый мятный (цв. BG13)\"",6,5,1390.0,599.18,231.67
"оранжевый (цв.№4)\"",1,1,181.5,122.47,181.5
"оранжевый(цв.№5)\"",5,4,1100.0,379.39,220.0
Harder&Steenbeck,2,2,12900.0,5830.51,6450.0
"медный (цв.№23)\"",1,1,109.0,73.68,109.0
"матовый зеленый изумрудный (цв.№05/С)\"",1,1,81.7,36.91,81.7
"красный темный(цв.№10)\"",4,4,858.0,420.22,214.5
студийный,3,3,5870.5,2843.69,1956.83
"английский синий(цв.№21)\"",2,2,440.0,165.51,220.0
"желтый золотистый(цв.№3)\"",6,5,2156.0,499.13,359.33
Talens,2,2,64.4,35.22,32.2
ВС для водорастворимых масляных красок,3,2,630.0,161.51,210.0
"фиолетовый яркий(цв.№18)\"",1,1,220.0,128.29,220.0
"зеленый веронский (ц\"",1,1,109.0,68.03,109.0
туба 200мл,2,2,1200.0,507.13,600.0
"розовый (цв. RV11)\"",2,2,400.0,238.52,200.0
"ярко-красный (№683)\"",1,1,0.0,0.0,0.0
"перламутровый серебряный(цв.№16/Р)\"",1,1,172.9,73.64,172.9
"зеленый малахит (цв. G16)\"",3,1,580.0,122.84,193.33
"картон.\"",4,4,2057.95,1214.97,514.49
"зеленый темный(цв.№29)\"",4,3,869.0,298.1,217.25
"лепесток розовый (цв.№455)\"",2,2,251.0,134.26,125.5
"белый полуматовый\"",6,6,1440.0,826.28,240.0
"алый(цв.№7)\"",2,2,440.0,216.11,220.0
"зеленый лес (цв. G17)\"",5,4,989.0,371.15,197.8
"коричневый(цв.№12)\"",7,7,1529.0,893.02,218.43
"оливковый(цв.№14)\"",5,3,1320.0,391.17,264.0
"зеленый металлик(цв.№409).\"",1,1,140.0,47.83,140.0
"красный глубокий (цв\"",2,2,290.5,168.84,145.25
"кадмий бледно-желтый (№611)\"",1,1,0.0,0.0,0.0
"темно-зеленый\"",6,6,368.9,197.25,61.48
(72цв.),8,8,6123.0,2886.71,765.38
"голубой\"",1,1,34.2,23.48,34.2
Готовые изделия-рамки,24,22,4962.0,2518.65,206.75
"сажа газовая (цв.№801)\"",1,1,46.2,25.06,46.2
(6тюб. по 21мл),1,1,576.0,338.67,576.0
"розовый (цв.№49705)\"",13,7,902.1,273.42,69.39
макс. круг 230мм,10,9,4836.0,2112.74,483.6
"макс.круг 14мм\"",6,6,8579.9,4574.3,1429.98
"киноварь\"",2,2,696.0,315.03,348.0
"сапфировый\"",2,2,480.0,175.3,240.0
"голубой термальный (цв.№ 36)\"",2,2,272.0,117.91,136.0
"фиолетовый полярный(цв.№ 29)\"",3,2,911.2,345.07,303.73
(10тюб. по 37мл),3,2,5310.0,1230.62,1770.0
БМП-2,33,27,60126.0,27659.71,1822.0
"перлам. зеленый изумрудный (цв.№05/Р)\"",1,1,163.4,105.64,163.4
25см-30°х60°,78,69,10620.6,4698.43,136.16
дл.170мм,7,7,6143.8,2364.99,877.69
"кобальт синий светлы\"",4,2,617.5,163.25,154.38
"золото инков (цв.№49716)\"",11,11,805.15,363.66,73.2
"резерв\"",2,2,4200.0,1907.46,2100.0
"фиолетовый яркий (цв.№20)\"",1,1,807.5,500.37,807.5
"сине-зелёная(цв.№16)\"",1,1,220.0,73.74,220.0
"черный (цв.№51)\"",5,4,852.6,287.27,170.52
"розовый\"",1,1,34.2,16.68,34.2
Инструменты-макетирование-Ножи-безопасные,2,2,3020.0,1820.51,1510.0
(тюб.по 21мл),1,1,560.0,198.25,560.0
"рубиновый (цв.№215154)\"",1,1,240.0,106.31,240.0
регулир,15,14,18580.3,7895.57,1238.69
"голубая вода (цв. BG15)\"",5,5,998.05,395.24,199.61
"фуксия(цв.№30)\"",6,5,1320.0,542.89,220.0
"коричневый (цв.№49711)\"",12,10,659.65,301.6,54.97
"в декоративной подставке\"",2,2,3440.0,1631.21,1720.0
"желтый глубокий (цв.\"",1,1,181.5,81.49,181.5
"кобальт синий светлый\"",1,1,0.0,0.0,0.0
"(10 тюб. по 21 мл)\"",2,2,2340.0,912.62,1170.0
"синий (цв.№ 584)\"",6,6,867.3,500.16,144.55
"(10 тюб. по 37 мл)\"",1,1,1415.5,584.71,1415.5
"фиолетовый (цв.№9)\"",3,3,544.5,289.35,181.5
"1:100\"",2,2,1494.0,661.72,747.0
"желтый барий (цв. Y00)\"",4,3,790.0,291.12,197.5
"матовый королевский синий (цв.№07/С)\"",4,4,522.6,229.47,130.65
"желтый\"",2,2,204.0,96.87,102.0
"кадмий пурпурный (цв.№203)\"",1,1,0.0,0.0,0.0
"светло-зеленый перманентный (№483)\"",2,1,0.0,0.0,0.0
"желтый светлый (цв.№\"",1,1,181.5,125.29,181.5
"зеленый темный (цв.№\"",3,2,399.5,119.46,133.17
"изумрудный(цв.№15)\"",2,2,440.0,171.47,220.0
"розовый светлый пурпурный\"",9,8,116.35,56.83,12.93
(48цв.),2,2,1030.0,647.42,515.0
"перламутровый коричневый(цв.№14/Р)\"",1,1,172.0,58.82,172.0
